No.,Source,Location,Sentence,Sentiment,Invalid_Check
224,Agoda,"No 5, Lorong Walter Granier, Bukit Bintang, Kuala Lumpur, Malaysia, 55100","The room is kinda small, but the view, the cleanliness, is decent for its price..",neutral,False
70,TripAdvisor,"KLoé Hotel, 227, Jln Bukit Bintang, Imbi, 55100 Kuala Lumpur, Federal Territory of Kuala Lumpur",The swimming pool was great for a cooling swim at the end of the day.,positive,False
326,Agoda,"No 2 Jalan PJS 11/28 Sunway Metro, Bandar Sunway, Subang Jaya, Petaling Jaya, Bandar Sunway, Kuala Lumpur, Malaysia, 46150",Very dirty,negative,True
260,Agoda,"D-G-08, Plaza Damas 3, No. 63, Jalan Sri Hartamas 1, Taman Sri Hartamas, 50480, Kuala Lumpur., Sri Hartamas / Mont Kiara, Kuala Lumpur, Malaysia, 50480","no good, the environment not same with the picture",negative,False
8,Agoda,"Jalan PJS 11/28b, Bandar Sunway, Kuala Lumpur, Malaysia, 46150",Exceptional. Nice hotel near shopping complax.,positive,False
263,Agoda,"D-G-08, Plaza Damas 3, No. 63, Jalan Sri Hartamas 1, Taman Sri Hartamas, 50480, Kuala Lumpur., Sri Hartamas / Mont Kiara, Kuala Lumpur, Malaysia, 50480","not as u view at website, small room for that star",negative,False
92,Agoda,"No 5, Lorong Walter Granier, Bukit Bintang, Kuala Lumpur, Malaysia, 55100",The hotel is very quiet despite being at the centre of the city. lobby is super busy but very spacious to cater all. looking forward to our next stay.,positive,False
44,TripAdvisor,"KLoé Hotel, 227, Jln Bukit Bintang, Imbi, 55100 Kuala Lumpur, Federal Territory of Kuala Lumpur",Love the little touch of Malaysian childhood snacks in the room.,positive,False
281,Agoda,"Persiaran Bandar Utama, One Utama / Damansara, Kuala Lumpur, Malaysia, 47800",The lift malfunctioned and we got trapped inside with young child . Traumatic experience. And the GM and management team did NOTHING to address this . Very disappointed . Avoid this hotel,negative,False
147,Agoda,"149 Jalan Ampang, Kuala Lumpur City Centre, Kuala Lumpur, Malaysia, 50450",Near to petronas towers and rooms are OK. Breakfast not good with very minimal options,neutral,False
117,Agoda,"No 5, Lorong Walter Granier, Bukit Bintang, Kuala Lumpur, Malaysia, 55100",Bilik luas sangat bersih checkin checkout senang cepat swimming pool best view cantik memang berbaloi stay dekat sleeping lion location dekat dengan pavillion,positive,False
312,Agoda,"Jalan Putra, Chowkit / Putra WTC, Kuala Lumpur, Malaysia, 50350",The bedroom lives with cockroach. The hotel attendance does not seem to be friendly as I have been scolded not able to handle it parking pass. Not enough parking and complex.,negative,False
196,Agoda,"No 5, Lorong Walter Granier, Bukit Bintang, Kuala Lumpur, Malaysia, 55100","Overall room is good, clean and comfortable although the toilet is too small. However, the noise proofing is not good. When opening the door to access the room, might be the mechanism of the handle but is very loud and disturbing. I can hear the guest opening the door each time.",neutral,False
242,Agoda,"D-G-08, Plaza Damas 3, No. 63, Jalan Sri Hartamas 1, Taman Sri Hartamas, 50480, Kuala Lumpur., Sri Hartamas / Mont Kiara, Kuala Lumpur, Malaysia, 50480",I had terrible experience and wont come back,negative,False
103,Agoda,"No 5, Lorong Walter Granier, Bukit Bintang, Kuala Lumpur, Malaysia, 55100","Sleeping Lion Suites will always be my choice in KL. It provides everything that you need, and the room size is very comfortable. The location is superb",positive,False
194,Agoda,"No 5, Lorong Walter Granier, Bukit Bintang, Kuala Lumpur, Malaysia, 55100",I would recommend it just for the location. Breakfast is not an option here and Bell service isn’t 24hrs.,neutral,False
200,Agoda,"No 5, Lorong Walter Granier, Bukit Bintang, Kuala Lumpur, Malaysia, 55100","Near to pavilion, bukit bintang, convenient to get taxi, have food below that opens till late. Only thing is the lobby is always very crowded, and will always have to wait for the lift. You have to take queue number to check in",neutral,False
324,Agoda,"No 2 Jalan PJS 11/28 Sunway Metro, Bandar Sunway, Subang Jaya, Petaling Jaya, Bandar Sunway, Kuala Lumpur, Malaysia, 46150","Tbh, I quite disappointed with this hotel , the location is great , lobby and staff is good. But the toilet is so dirty , and the staff even use marker pen to write Mixx hotel on the towel. Environment is bad too…",negative,False
225,Agoda,"No 5, Lorong Walter Granier, Bukit Bintang, Kuala Lumpur, Malaysia, 55100",good location. just super crowded for this hotels,neutral,False
255,Agoda,"D-G-08, Plaza Damas 3, No. 63, Jalan Sri Hartamas 1, Taman Sri Hartamas, 50480, Kuala Lumpur., Sri Hartamas / Mont Kiara, Kuala Lumpur, Malaysia, 50480",WHOLE FLOOR SMELL OF SMOKING.,negative,False
186,Agoda,"No 5, Lorong Walter Granier, Bukit Bintang, Kuala Lumpur, Malaysia, 55100",Affordable hotel with adequate amneties right at the heart of Bukit Bintang. Check in takes lot of time and delays. Does not include breakfast. The hotel does not offer water bottle more than the complementry 2.,neutral,False
123,Agoda,"Jalan PJS 11/28b, Bandar Sunway, Kuala Lumpur, Malaysia, 46150",If for short stay is okay. Still got plenty room for improvement,neutral,False
334,Agoda,"No 2 Jalan PJS 11/28 Sunway Metro, Bandar Sunway, Subang Jaya, Petaling Jaya, Bandar Sunway, Kuala Lumpur, Malaysia, 46150",Very very dirty and very noisy,negative,False
97,Agoda,"No 5, Lorong Walter Granier, Bukit Bintang, Kuala Lumpur, Malaysia, 55100","It is a very well-located accommodation, just a short walk to Pavilion. There is no breakfast provided, but there are many delicious restaurants around. The cleaning staff provided good service. Most importantly, the garden view from the 37th floor is very beautiful. If anyone is coming to KL, I recommend this place.",positive,False
284,Agoda,"Persiaran Bandar Utama, One Utama / Damansara, Kuala Lumpur, Malaysia, 47800","Very rude and unprofessional services to my friend from Indonesia , especially staff name Ms.Malini",negative,False
173,Agoda,"Taman Putra Perdana, Jalan Putra Perdana, Presint 1, 62000 Putrajaya, Malaysia",Guests can access the hotel using key cards.,neutral,False
235,Agoda,"D-G-08, Plaza Damas 3, No. 63, Jalan Sri Hartamas 1, Taman Sri Hartamas, 50480, Kuala Lumpur., Sri Hartamas / Mont Kiara, Kuala Lumpur, Malaysia, 50480",The service was cold and poor; they were completely unable to address the guests' needs and simply ignored them.,neutral,False
282,Agoda,"Persiaran Bandar Utama, One Utama / Damansara, Kuala Lumpur, Malaysia, 47800","Bad Service , call many many time for housekeeping n no one answer. The service n hotel room’s utilities provide the low & cheap standard quality stuff. Not worth for the 4 stars hotel to stay.",negative,False
13,Agoda,"Jalan PJS 11/28b, Bandar Sunway, Kuala Lumpur, Malaysia, 46150","The hotel is great, near to store or mall.",positive,False
78,TripAdvisor,"KLoé Hotel, 227, Jln Bukit Bintang, Imbi, 55100 Kuala Lumpur, Federal Territory of Kuala Lumpur","The room was clean and very well designed, very well thought out.",positive,False
355,Agoda,"No 2 Jalan PJS 11/28 Sunway Metro, Bandar Sunway, Subang Jaya, Petaling Jaya, Bandar Sunway, Kuala Lumpur, Malaysia, 46150",BAD SERVICE AND BAD EXPERIENCE,negative,False
108,Agoda,"No 5, Lorong Walter Granier, Bukit Bintang, Kuala Lumpur, Malaysia, 55100","Had a pleasant stay at Sleeping Lion Suites. The housekeeping team did an excellent job keeping the room clean and well-maintained throughout my stay. Check-in and check-out were both fast and hassle-free. The location is very strategic, with easy access to shopping malls, restaurants, and various eateries within walking distance, making it convenient for both leisure and business travelers. Overall, a comfortable and enjoyable stay, and I would recommend it to others.",positive,False
349,Agoda,"No 2 Jalan PJS 11/28 Sunway Metro, Bandar Sunway, Subang Jaya, Petaling Jaya, Bandar Sunway, Kuala Lumpur, Malaysia, 46150","The floor extreme oily , and cause my friend and her baby fall down! This hotel really bad",negative,False
197,Agoda,"No 5, Lorong Walter Granier, Bukit Bintang, Kuala Lumpur, Malaysia, 55100",Good value but i didnt like the lift waiting time and noisy water pipes going on every night.,neutral,False
61,TripAdvisor,"KLoé Hotel, 227, Jln Bukit Bintang, Imbi, 55100 Kuala Lumpur, Federal Territory of Kuala Lumpur",The room is so cormfy and pretty.,positive,False
10,Agoda,"Jalan PJS 11/28b, Bandar Sunway, Kuala Lumpur, Malaysia, 46150",Room is so comfortable and clean.,positive,False
32,Agoda,"Jalan PJS 11/28b, Bandar Sunway, Kuala Lumpur, Malaysia, 46150","Closed to restaurants, convenient stores and even Sunway theme park. Good for solo traveller on a short trip.",positive,False
360,Agoda,"No 2 Jalan PJS 11/28 Sunway Metro, Bandar Sunway, Subang Jaya, Petaling Jaya, Bandar Sunway, Kuala Lumpur, Malaysia, 46150","The entire room is not clean. The toilet floor is so slip. Almost fall down for few times. The bath towel already turn yellowish. And the bed, thinking is it got insect. Whole body so itchy all the night.",negative,False
64,TripAdvisor,"KLoé Hotel, 227, Jln Bukit Bintang, Imbi, 55100 Kuala Lumpur, Federal Territory of Kuala Lumpur",nice modern rooms and Aesop toiletries a lovely touch,positive,False
76,TripAdvisor,"KLoé Hotel, 227, Jln Bukit Bintang, Imbi, 55100 Kuala Lumpur, Federal Territory of Kuala Lumpur",The location is very central and convenient for all the major landmarks.,positive,False
204,Agoda,"No 5, Lorong Walter Granier, Bukit Bintang, Kuala Lumpur, Malaysia, 55100",Be prepared to wait for the elevator to get up to your room and get down. Other than that I would recommend,neutral,False
25,Agoda,"Jalan PJS 11/28b, Bandar Sunway, Kuala Lumpur, Malaysia, 46150",Best place to stay with a budget.,positive,False
249,Agoda,"D-G-08, Plaza Damas 3, No. 63, Jalan Sri Hartamas 1, Taman Sri Hartamas, 50480, Kuala Lumpur., Sri Hartamas / Mont Kiara, Kuala Lumpur, Malaysia, 50480",Poor breakfast. No facilities,negative,False
75,TripAdvisor,"KLoé Hotel, 227, Jln Bukit Bintang, Imbi, 55100 Kuala Lumpur, Federal Territory of Kuala Lumpur",The hotel itself is relatively new (around five years old) and has a great modern design.,positive,False
174,Agoda,"Taman Putra Perdana, Jalan Putra Perdana, Presint 1, 62000 Putrajaya, Malaysia",The stay took place during a public holiday.,neutral,False
141,Agoda,"143 Jalan Ampang, Kuala Lumpur City Centre, Kuala Lumpur, Malaysia, 50450","Le Apple KLCC is very convenient in terms of location, can practically get to anywhere with LRT nearby. Check-in and booking system needs improvement as front-desk was not able to locate reservation even though we have called beforehand to confirm the booking. Breakfast was not available as an option but we have options in nearby Avenue K or KLCC.",neutral,False
114,Agoda,"No 5, Lorong Walter Granier, Bukit Bintang, Kuala Lumpur, Malaysia, 55100",Hotel yg sgt baik. Staff baik. Bersih Wangi. Semua kemudahan ada. Cek in dah cek out sgt mudah. Dekat dengan shopping mall. Kedai makan. Sgt recommended. Kolam cantik dan bersih ???? akan repeat lgi thank you,positive,False
65,TripAdvisor,"KLoé Hotel, 227, Jln Bukit Bintang, Imbi, 55100 Kuala Lumpur, Federal Territory of Kuala Lumpur","The amenities were excellent, offering everything needed for a comfortable and relaxing visit.",positive,False
86,Agoda,"No 5, Lorong Walter Granier, Bukit Bintang, Kuala Lumpur, Malaysia, 55100","Good location, service and cleanliness . Highly recommend",positive,False
243,Agoda,"D-G-08, Plaza Damas 3, No. 63, Jalan Sri Hartamas 1, Taman Sri Hartamas, 50480, Kuala Lumpur., Sri Hartamas / Mont Kiara, Kuala Lumpur, Malaysia, 50480",They hard to pick up the call..You need to call 10 times..towel at swimming pool not enough so you need to bring your room towel to pool,negative,False
246,Agoda,"D-G-08, Plaza Damas 3, No. 63, Jalan Sri Hartamas 1, Taman Sri Hartamas, 50480, Kuala Lumpur., Sri Hartamas / Mont Kiara, Kuala Lumpur, Malaysia, 50480",Old hotel and not fully maintained. Sta8ned everywhere,negative,False
213,Agoda,"No 5, Lorong Walter Granier, Bukit Bintang, Kuala Lumpur, Malaysia, 55100","Nice hotel with good location. Down side is, need to wait for the elevator. It took quite sometime. Other than that, i dont mind coming again.",neutral,False
178,Agoda,"Taman Putra Perdana, Jalan Putra Perdana, Presint 1, 62000 Putrajaya, Malaysia",The hotel is located in the city center.,neutral,False
81,Agoda,"No 5, Lorong Walter Granier, Bukit Bintang, Kuala Lumpur, Malaysia, 55100",Excellent location. Room is clean and tidy. Thanks.,positive,False
300,Agoda,"Jalan Putra, Chowkit / Putra WTC, Kuala Lumpur, Malaysia, 50350","I left my passport case behind, or the staff stole it. I contact to the hotel and told about it, but she did nothing for me. It is the Worst hotel ever.",negative,False
269,Agoda,"D-G-08, Plaza Damas 3, No. 63, Jalan Sri Hartamas 1, Taman Sri Hartamas, 50480, Kuala Lumpur., Sri Hartamas / Mont Kiara, Kuala Lumpur, Malaysia, 50480","Disappointing experience. given wrong room, the room belongs another customers, the room smelled of cigarettes and rotten",negative,False
56,TripAdvisor,"KLoé Hotel, 227, Jln Bukit Bintang, Imbi, 55100 Kuala Lumpur, Federal Territory of Kuala Lumpur",he breakfast was insanely delicious but it was the the staff who we loved the most!,positive,False
15,Agoda,"Jalan PJS 11/28b, Bandar Sunway, Kuala Lumpur, Malaysia, 46150","very reasonable rates and strategical location. near a 7/11 and restaurants, 2 minutes away from sunway pyramid. comfortable room and great amenities, would book again !!",positive,False
55,TripAdvisor,"KLoé Hotel, 227, Jln Bukit Bintang, Imbi, 55100 Kuala Lumpur, Federal Territory of Kuala Lumpur",it’s boutique so not too busy,positive,False
339,Agoda,"No 2 Jalan PJS 11/28 Sunway Metro, Bandar Sunway, Subang Jaya, Petaling Jaya, Bandar Sunway, Kuala Lumpur, Malaysia, 46150","No window room, room dusty and moist",negative,False
96,Agoda,"No 5, Lorong Walter Granier, Bukit Bintang, Kuala Lumpur, Malaysia, 55100","The room was decent in size. It was only me and my sister, and we had two separate beds. Location was really good, close to restaurants, malls, shops. Fast and easy check in and check out process. The facilities were great, pool has a view, garden was cozy. It was a really good choice.",positive,False
6,Agoda,"Jalan PJS 11/28b, Bandar Sunway, Kuala Lumpur, Malaysia, 46150","Exceptional. Very nice place,clean and staff are very helpful...",positive,False
153,Agoda,"155 Jalan Ampang, Kuala Lumpur City Centre, Kuala Lumpur, Malaysia, 50450",Location was easily accessible to transport nodes and shopping centre. Breakfast was ok. Room condition acceptable.,neutral,False
51,TripAdvisor,"KLoé Hotel, 227, Jln Bukit Bintang, Imbi, 55100 Kuala Lumpur, Federal Territory of Kuala Lumpur","Servis staf mesra pelanggan. Lokasi berhampiran dengan mall, kedai serbaneka 24 jam, kedai mamak, parking mudah, view kota raya cantik, segala kemudahan selesa, makan memang best. Terbaik!",positive,False
7,Agoda,"Jalan PJS 11/28b, Bandar Sunway, Kuala Lumpur, Malaysia, 46150","Exceptional. comfortable, easy to find food. near sunway pyramid mall.",positive,False
94,Agoda,"No 5, Lorong Walter Granier, Bukit Bintang, Kuala Lumpur, Malaysia, 55100","One of the best location to stay. 5 mins walk from all of the malls, no need to worry about heavy traffic. Just bring an umbrella incase it rains",positive,False
292,Agoda,"9, Jalan Lumut,, Chowkit / Putra WTC, Kuala Lumpur, Malaysia, 50400","Previous guest stay room no clean. Rubbish no throw and bedsheet no change. Still have dirty stain. Staff who name LEE JING, really terrible attitude.",negative,False
167,Agoda,"Taman Putra Perdana, Jalan Putra Perdana, Presint 1, 62000 Putrajaya, Malaysia",Guests can access dining facilities within the hotel.,neutral,False
304,Agoda,"Jalan Putra, Chowkit / Putra WTC, Kuala Lumpur, Malaysia, 50350",The room was smelly and not clean,negative,False
60,TripAdvisor,"KLoé Hotel, 227, Jln Bukit Bintang, Imbi, 55100 Kuala Lumpur, Federal Territory of Kuala Lumpur",Nice place and good services,positive,False
201,Agoda,"No 5, Lorong Walter Granier, Bukit Bintang, Kuala Lumpur, Malaysia, 55100","The room is clean and comfortable. Staff was polite and efficient. Is within walking distance to major shopping malls and 24 hours food place. However, the door to the shower was removed so water splashed out to the dry area when I bathe. The rooms are not soundproof so be prepared to be shocked by loud door closing sound. I could even hear someone bathing while passing by in the corridor.",neutral,False
171,Agoda,"Taman Putra Perdana, Jalan Putra Perdana, Presint 1, 62000 Putrajaya, Malaysia",The hotel has multiple dining outlets.,neutral,False
280,Agoda,"Persiaran Bandar Utama, One Utama / Damansara, Kuala Lumpur, Malaysia, 47800",Rooms are humid and no air-conditioned in corridor. Reception no answering. Small bugs on the bed. Very bad cleaning service.,negative,False
278,Agoda,"D-G-08, Plaza Damas 3, No. 63, Jalan Sri Hartamas 1, Taman Sri Hartamas, 50480, Kuala Lumpur., Sri Hartamas / Mont Kiara, Kuala Lumpur, Malaysia, 50480",bedsheet dirty.Never take it off,negative,False
240,Agoda,"No 5, Lorong Walter Granier, Bukit Bintang, Kuala Lumpur, Malaysia, 55100","The staff communicates clearly and they are accommodating. Location is strategic, close to restaurants and malls. Just that since it is so central, drop-offs takes longer sometimes. Rooms are spacious and clean. Worth it",neutral,False
95,Agoda,"No 5, Lorong Walter Granier, Bukit Bintang, Kuala Lumpur, Malaysia, 55100","Had a short but enjoyable stay at this hotel. The room was clean, spacious, and well-maintained. Location-wise, it’s conveniently about 10 minute walk from the nearest metro station, with restaurants and a supermarket close by. A big thanks to the housekeeping team for keeping everything spotless and comfortable.",positive,False
232,Agoda,"D-G-08, Plaza Damas 3, No. 63, Jalan Sri Hartamas 1, Taman Sri Hartamas, 50480, Kuala Lumpur., Sri Hartamas / Mont Kiara, Kuala Lumpur, Malaysia, 50480","staff are not friendly especially at the front desk, the bed are hard, the facility is not what expected at the photo shown, is like a normal apartment facility, is not worth for the value.",neutral,False
321,Agoda,"No 2 Jalan PJS 11/28 Sunway Metro, Bandar Sunway, Subang Jaya, Petaling Jaya, Bandar Sunway, Kuala Lumpur, Malaysia, 46150","no parking, first room was dirty with ants around the table, changed another room and smells odd. rooms run down and not maintained. imagine the bed is sitting on 2 wooden cubes !",negative,False
110,Agoda,"No 5, Lorong Walter Granier, Bukit Bintang, Kuala Lumpur, Malaysia, 55100",Room is cosy. Clean. Walking distance to pavillon and other shopping malls. Staffs were great too!,positive,False
14,Agoda,"Jalan PJS 11/28b, Bandar Sunway, Kuala Lumpur, Malaysia, 46150","This hotel is highly recommended for short stay nearby subang area. It has the most convenient location and nearby to one of the biggest shopping mall Sunway Pyramid, open 24 hours. The bed is comfortable and shower area is very clean. Overall satisfaction is 8/10 for this price range.",positive,False
132,Agoda,"Jalan PJS 11/28b, Bandar Sunway, Kuala Lumpur, Malaysia, 46150","Lift only up to 1st floor, if can do the lift to 3rd floor, it will be improve better. We need to carry our heavy luggage up and down. Others all are very good.",neutral,False
11,Agoda,"Jalan PJS 11/28b, Bandar Sunway, Kuala Lumpur, Malaysia, 46150",Good service and communication with staff and a very nice place.,positive,False
127,Agoda,"Jalan PJS 11/28b, Bandar Sunway, Kuala Lumpur, Malaysia, 46150",It's just a few steps to the mall and there're a lot of restaurants nearby so I could easily get food anytime. There's no lift in this hotel so you need to get ready to climb up the third floor if you're assigned to that floor.,neutral,False
143,Agoda,"145 Jalan Ampang, Kuala Lumpur City Centre, Kuala Lumpur, Malaysia, 50450","No elevator from car park, difficult for transferring luggage other that that...all ok",neutral,False
320,Agoda,"No 2 Jalan PJS 11/28 Sunway Metro, Bandar Sunway, Subang Jaya, Petaling Jaya, Bandar Sunway, Kuala Lumpur, Malaysia, 46150","first of all the walkway is leaking water, then the room is small, the toilet floor is slippery..seems like an layer of soap is not clean yet...not to mention they even forgot to provide towels. the bed is old, it feels like sinking down when u sit on it, I guess the spring is malfunctioning. lastly the room hat I've booked is totally different from the photos they put in agoda",negative,False
352,Agoda,"No 2 Jalan PJS 11/28 Sunway Metro, Bandar Sunway, Subang Jaya, Petaling Jaya, Bandar Sunway, Kuala Lumpur, Malaysia, 46150","The bed sheet are dirty , table have ants , after laying down whole body itchy. Request to refund but they can’t do anything I check in and less than an hour I check out due to I can’t stand anymore. After that they change a room for me but still same. What a terrible experience",negative,False
187,Agoda,"No 5, Lorong Walter Granier, Bukit Bintang, Kuala Lumpur, Malaysia, 55100","?? ??, ????? ?? ?????. ? ???? ??? ???... ???? ??? ?????? ???? ????? ??? ????? ??? ?? ?????. ?? ??? ????? ???? ????.",neutral,True
239,Agoda,"D-G-08, Plaza Damas 3, No. 63, Jalan Sri Hartamas 1, Taman Sri Hartamas, 50480, Kuala Lumpur., Sri Hartamas / Mont Kiara, Kuala Lumpur, Malaysia, 50480","Check in was okay. The staff wasnt that friendly. The room was less than I expected from the pictures. Room is not that clean. However, the breakfast is okay and we were allowed to check out late.",neutral,False
87,Agoda,"No 5, Lorong Walter Granier, Bukit Bintang, Kuala Lumpur, Malaysia, 55100",Location good Clean rooms,positive,False
354,Agoda,"No 2 Jalan PJS 11/28 Sunway Metro, Bandar Sunway, Subang Jaya, Petaling Jaya, Bandar Sunway, Kuala Lumpur, Malaysia, 46150",room so smelly. noisy and not worth it !! hate this hotel,negative,False
84,Agoda,"No 5, Lorong Walter Granier, Bukit Bintang, Kuala Lumpur, Malaysia, 55100",Overall are very good,positive,False
72,TripAdvisor,"KLoé Hotel, 227, Jln Bukit Bintang, Imbi, 55100 Kuala Lumpur, Federal Territory of Kuala Lumpur",The rooms come with luxurious A?sop bath amenities which make the stay feel a little more special.,positive,False
329,Agoda,"No 2 Jalan PJS 11/28 Sunway Metro, Bandar Sunway, Subang Jaya, Petaling Jaya, Bandar Sunway, Kuala Lumpur, Malaysia, 46150",Room is so small. I feel claustrophobic.,negative,False
83,Agoda,"No 5, Lorong Walter Granier, Bukit Bintang, Kuala Lumpur, Malaysia, 55100",Had a wonderful stay at the heart of Bukit Bintang,positive,False
236,Agoda,"D-G-08, Plaza Damas 3, No. 63, Jalan Sri Hartamas 1, Taman Sri Hartamas, 50480, Kuala Lumpur., Sri Hartamas / Mont Kiara, Kuala Lumpur, Malaysia, 50480","Check in was okay. The staff wasnt that friendly. The room was less than I expected from the pictures. Room is not that clean. However, the breakfast is okay and we were allowed to check out late.",neutral,False
207,Agoda,"No 5, Lorong Walter Granier, Bukit Bintang, Kuala Lumpur, Malaysia, 55100","Pros - ?? Excellent location — walking distance to Bukit Bintang, making it easy to explore the area. - ??? Clean rooms — tidy and comfortable, suitable for both short and long stays. - ?? Accessibility — eateries and attractions are within walking distance, and trains provide convenient connections. Cons - ?? Driving not recommended — the area is very congested with traffic, so parking and driving can be stressful. - ?? Check-in delays — queues can be long, so plan extra time when arriving. - ?? Lift congestion — with many floors and rooms per floor, waiting for the lift can take time. - ?? Access card issue — only one card is usually provided, but you’ll need two (one for lift access and one for room power). If one person stays in the room, the other may get stuck without lift access. I tried to get a second card, but the lobby was crowded and busy with check-ins.",neutral,True
1,Agoda,"Jalan PJS 11/28b, Bandar Sunway, Kuala Lumpur, Malaysia, 46150","Very Good Location, clean and good staff. In front of Sunway Lagoon, near have all shop like pharmacy, 7-11, food court, shopping mall, nice place to stay and enjoy my weekend, my third time here",positive,False
133,Agoda,"Jalan PJS 11/28b, Bandar Sunway, Kuala Lumpur, Malaysia, 46150",Overall not bad. Don't expect too much for this price. Will be open more new room. Hopefully old room bed mattress change also.,neutral,False
43,TripAdvisor,"KLoé Hotel, 227, Jln Bukit Bintang, Imbi, 55100 Kuala Lumpur, Federal Territory of Kuala Lumpur",Staff were all very polite and very friendly.,positive,False
22,Agoda,"Jalan PJS 11/28b, Bandar Sunway, Kuala Lumpur, Malaysia, 46150","Very nice location that opposite is Sunway pyramid shopping mall, we take a whole day in mall without any transportation. So that can save more money on transportation",positive,False
295,Agoda,"9, Jalan Lumut,, Chowkit / Putra WTC, Kuala Lumpur, Malaysia, 50400",Dissappointed,negative,True
129,Agoda,"Jalan PJS 11/28b, Bandar Sunway, Kuala Lumpur, Malaysia, 46150",overall ok but cleaning need improvement,neutral,False
222,Agoda,"No 5, Lorong Walter Granier, Bukit Bintang, Kuala Lumpur, Malaysia, 55100","The location is excellent. As other reviews mention, there are times when the elevator is extremely crowded. I was surprised that check-out was just handing the key over to a guard standing by the elevator to finish the process. Fortunately, I was able to do an early check-in for free. It seems likely that this was because the luggage storage space was at capacity.",neutral,False
121,Agoda,"Jalan PJS 11/28b, Bandar Sunway, Kuala Lumpur, Malaysia, 46150","The room has poor sound Indy, but it is close to Sunway. Light sleepers may need to this into consideration",neutral,False
231,Agoda,"D-G-08, Plaza Damas 3, No. 63, Jalan Sri Hartamas 1, Taman Sri Hartamas, 50480, Kuala Lumpur., Sri Hartamas / Mont Kiara, Kuala Lumpur, Malaysia, 50480","Hotel is quite new and location is good as is next to MRT and shopping mall. However, the only set back is that certain part at the bridge leading to the mall is v smelly due rubbish dumped below hence hopefully the authority could do something to it.",neutral,False
220,Agoda,"No 5, Lorong Walter Granier, Bukit Bintang, Kuala Lumpur, Malaysia, 55100",Excellent stay but the lift slightly slow,neutral,False
347,Agoda,"No 2 Jalan PJS 11/28 Sunway Metro, Bandar Sunway, Subang Jaya, Petaling Jaya, Bandar Sunway, Kuala Lumpur, Malaysia, 46150",Room too small,negative,False
330,Agoda,"No 2 Jalan PJS 11/28 Sunway Metro, Bandar Sunway, Subang Jaya, Petaling Jaya, Bandar Sunway, Kuala Lumpur, Malaysia, 46150",Check in staff totally not friendly and rude.,negative,False
234,Agoda,"D-G-08, Plaza Damas 3, No. 63, Jalan Sri Hartamas 1, Taman Sri Hartamas, 50480, Kuala Lumpur., Sri Hartamas / Mont Kiara, Kuala Lumpur, Malaysia, 50480",The facilities could have been better. The room was not clean. The bath hub wasn’t clean. There were stains on pillow case. The front desk was very slow for a check in process. Basic tv with no YouTube or Netflix,neutral,False
253,Agoda,"D-G-08, Plaza Damas 3, No. 63, Jalan Sri Hartamas 1, Taman Sri Hartamas, 50480, Kuala Lumpur., Sri Hartamas / Mont Kiara, Kuala Lumpur, Malaysia, 50480","The room air cond vent was leaking. There was a pool of water when we entered the room. I have the video but I’m unable to share it via this review. In the new room, the air cond wasn’t functioning and there was an indication was that the air cond filter needed to be changed. As for the breakfast, it was a scam. Breakfast price was included in the room price but what we got for breakfast was just really bad. No buffet but only a set meal (restricted to 1 only per person). They informed that breakfast is available only on the weekends, what nonsense. We didn’t pay for set meals As a whole, worst hotel to stay. Please do not stay here.",negative,False
211,Agoda,"No 5, Lorong Walter Granier, Bukit Bintang, Kuala Lumpur, Malaysia, 55100",Location wise accessible. Loves the pool view overlooking klcc. Lift can be crowded during peak timing just need to queue and all is good.,neutral,False
198,Agoda,"No 5, Lorong Walter Granier, Bukit Bintang, Kuala Lumpur, Malaysia, 55100",A bit expensive but great view,neutral,False
105,Agoda,"No 5, Lorong Walter Granier, Bukit Bintang, Kuala Lumpur, Malaysia, 55100","Everything was within walking distance, including the mrt/monorail stations. Pleasant staff, nice room with a good unblocked view.",positive,False
266,Agoda,"D-G-08, Plaza Damas 3, No. 63, Jalan Sri Hartamas 1, Taman Sri Hartamas, 50480, Kuala Lumpur., Sri Hartamas / Mont Kiara, Kuala Lumpur, Malaysia, 50480",counter reception to slow i wait 1 hour,negative,False
47,TripAdvisor,"KLoé Hotel, 227, Jln Bukit Bintang, Imbi, 55100 Kuala Lumpur, Federal Territory of Kuala Lumpur",The check-in process was exceptionally smooth.,positive,False
149,Agoda,"151 Jalan Ampang, Kuala Lumpur City Centre, Kuala Lumpur, Malaysia, 50450","The location is good for shopping and easy access to LRT . However, the lighting at the corridor is bit dark.",neutral,False
89,Agoda,"No 5, Lorong Walter Granier, Bukit Bintang, Kuala Lumpur, Malaysia, 55100","Price is definitely exceptional, location is strategic, and the room is comfy!",positive,False
268,Agoda,"D-G-08, Plaza Damas 3, No. 63, Jalan Sri Hartamas 1, Taman Sri Hartamas, 50480, Kuala Lumpur., Sri Hartamas / Mont Kiara, Kuala Lumpur, Malaysia, 50480",Staff not friendly and room not good conditions,negative,False
104,Agoda,"No 5, Lorong Walter Granier, Bukit Bintang, Kuala Lumpur, Malaysia, 55100","Tidak salah memilih hotel ini, room sangat bersih, lokasi sangat strategis, dikelilingin oleh tempat makanan yang enak enak. Sebelum waktu check in, diperbolehkan titip koper, dan harusnya bisa check di jam 3, dipercepat check in dijam 2. Secara keseluruhan the best ini hotel.",positive,False
359,Agoda,"No 2 Jalan PJS 11/28 Sunway Metro, Bandar Sunway, Subang Jaya, Petaling Jaya, Bandar Sunway, Kuala Lumpur, Malaysia, 46150","This booking was made on behalf of my company and this was an extremely unpleasant experience that I encountered when I chose this budget hotel based on the photo and comment from Agoda. It's so unreal and lacking integrity through the owner of the property. The room was completely different from the one showed in the website photo. The room was dusty, with dust mites, and had a terrible smell. The bedsheet was not clean. The amount to pay for a budget hotel is definitely not worth the price. The receptionist was absolutely incapable of helping at all. Eventually, my colleague had no choice but to move to stay in another hotel. As it's totally unacceptable to stay in such conditions, I felt a terrible sense of loss. If it's possible to upload the photo, I'll post it here to prove how dishonest the property owner was in promoting the room and collecting an excessive price.",negative,False
52,TripAdvisor,"KLoé Hotel, 227, Jln Bukit Bintang, Imbi, 55100 Kuala Lumpur, Federal Territory of Kuala Lumpur","Request to deco room for my anniversary, they fulfilled my requested! Thank you dorsett. U are the best!",positive,False
79,TripAdvisor,"KLoé Hotel, 227, Jln Bukit Bintang, Imbi, 55100 Kuala Lumpur, Federal Territory of Kuala Lumpur",have an amazing experiences during those times.,positive,False
31,Agoda,"Jalan PJS 11/28b, Bandar Sunway, Kuala Lumpur, Malaysia, 46150",Very clean. Right in front of Sunway Pyramid Hotel (above ABC/7E). Literally 2mins walk to be in Sunway Pyramid.,positive,False
217,Agoda,"No 5, Lorong Walter Granier, Bukit Bintang, Kuala Lumpur, Malaysia, 55100","For budget hotel in an excellent location, it is value for money. However, it is not breakfast included.",neutral,False
172,Agoda,"Taman Putra Perdana, Jalan Putra Perdana, Presint 1, 62000 Putrajaya, Malaysia",Airport transfer services are available upon request.,neutral,False
247,Agoda,"D-G-08, Plaza Damas 3, No. 63, Jalan Sri Hartamas 1, Taman Sri Hartamas, 50480, Kuala Lumpur., Sri Hartamas / Mont Kiara, Kuala Lumpur, Malaysia, 50480",not clean. staff not responded fast.,negative,False
346,Agoda,"No 2 Jalan PJS 11/28 Sunway Metro, Bandar Sunway, Subang Jaya, Petaling Jaya, Bandar Sunway, Kuala Lumpur, Malaysia, 46150",The mattress full of mold and Dried urine ! Check out immediately without any staying,negative,False
259,Agoda,"D-G-08, Plaza Damas 3, No. 63, Jalan Sri Hartamas 1, Taman Sri Hartamas, 50480, Kuala Lumpur., Sri Hartamas / Mont Kiara, Kuala Lumpur, Malaysia, 50480",One of the worst hotel ever. Firat and last,negative,False
229,Agoda,"D-G-08, Plaza Damas 3, No. 63, Jalan Sri Hartamas 1, Taman Sri Hartamas, 50480, Kuala Lumpur., Sri Hartamas / Mont Kiara, Kuala Lumpur, Malaysia, 50480","The hotel looks nice, facilities new and the room is quite big. However, I can smell toilet inside the room, also I found out the shower gel is contaminated after using it for 3 nights. It’s quite disgusting! When I informed the hotel staff, they just said ok we know. Not even apologise for it or care if I’m ok or not.",neutral,False
68,TripAdvisor,"KLoé Hotel, 227, Jln Bukit Bintang, Imbi, 55100 Kuala Lumpur, Federal Territory of Kuala Lumpur",The pool area was also a great place to unwind from the busy city.,positive,False
120,Agoda,"No 5, Lorong Walter Granier, Bukit Bintang, Kuala Lumpur, Malaysia, 55100","1. The location is amazing, very convenient for shopping, within walking distance to Pavillion. 2. Check-in and check-out are very quick and convenient. 3. Luggage storage is available, which is very convenient. 4. The bedding is very comfortable, and I slept well. The overall feeling of the room is very tidy. The balcony offers a view of Pavillion's night scene ?? Overall, I highly recommend it for its great value for money.",positive,False
344,Agoda,"No 2 Jalan PJS 11/28 Sunway Metro, Bandar Sunway, Subang Jaya, Petaling Jaya, Bandar Sunway, Kuala Lumpur, Malaysia, 46150","Mold room, uncleaness room, small room, dirty pillows, clogged bathroom and toilet, unsafety plug for charging",negative,False
74,TripAdvisor,"KLoé Hotel, 227, Jln Bukit Bintang, Imbi, 55100 Kuala Lumpur, Federal Territory of Kuala Lumpur","The hotel is thoughtfully designed, blending open spaces and greenery into the environment.",positive,False
286,Agoda,"Persiaran Bandar Utama, One Utama / Damansara, Kuala Lumpur, Malaysia, 47800","Worthless! Overpriced! Rm400++ for 1 night. They put portable desk in the room! There was no overhead shower, the smell of the toilet was bad. The room was small, the kids club? Nonsense. The staff was not friendly. I even emailed them for complementary decoration & slice of cake for my wife’s birthday. Turns out, nothing! This is a bad hotel and overpriced. Not recommended.",negative,False
270,Agoda,"D-G-08, Plaza Damas 3, No. 63, Jalan Sri Hartamas 1, Taman Sri Hartamas, 50480, Kuala Lumpur., Sri Hartamas / Mont Kiara, Kuala Lumpur, Malaysia, 50480",CLEANLINESS IS BAD. AND THE WAITING AREA IS HOT. NOT ENOUGH AIR CONDITION,negative,False
19,Agoda,"Jalan PJS 11/28b, Bandar Sunway, Kuala Lumpur, Malaysia, 46150","Clean and complete with all facilities. The best thing is the location right next to Sunway Pyramids, Sunway Lagoons, and BRT. It's great.",positive,False
206,Agoda,"No 5, Lorong Walter Granier, Bukit Bintang, Kuala Lumpur, Malaysia, 55100","Hotel room is clean, have gym (space is big but little equipment to use) and infinity swimming pool. Went over the weekend, quite crowded! Location is good! Recommend y'all to try Grumpy Bagels!! Just 10mins walk from the hotel. If you have an anytime fitness gym membership, there's a AF gym 15mins walk away! Just wish that the toilet was ABIT bigger if not, it's quite comfortable for solo traveller! But do note that the walls are not that soundproof, I can hear people walking along the aisle or them closing their doors.",neutral,False
24,Agoda,"Jalan PJS 11/28b, Bandar Sunway, Kuala Lumpur, Malaysia, 46150","Comfortable stay, ideal location & friendly staff",positive,False
62,TripAdvisor,"KLoé Hotel, 227, Jln Bukit Bintang, Imbi, 55100 Kuala Lumpur, Federal Territory of Kuala Lumpur",Facilities are also in a good hand.,positive,False
164,Agoda,"Taman Putra Perdana, Jalan Putra Perdana, Presint 1, 62000 Putrajaya, Malaysia",Dinner was available at SANTAI restaurant.,neutral,False
223,Agoda,"No 5, Lorong Walter Granier, Bukit Bintang, Kuala Lumpur, Malaysia, 55100","Love to stay here, best location and comfortable stay as well. However sometimes the aircon has problem which staffs do help to settle asap. Will come back again!",neutral,False
140,Agoda,"142 Jalan Ampang, Kuala Lumpur City Centre, Kuala Lumpur, Malaysia, 50450","very near to klcc lrt station, convenient. walkway leading to the room is a bit dark, room ok.",neutral,False
216,Agoda,"No 5, Lorong Walter Granier, Bukit Bintang, Kuala Lumpur, Malaysia, 55100","The hotel has a very good location with plenty of food choices nearby. It’s within walking distance to Pavilion, Lot 10, and Starhill, which is very convenient. However, the hotel is always crowded. The lobby is constantly full of people, which creates a congested and uncomfortable atmosphere.",neutral,False
245,Agoda,"D-G-08, Plaza Damas 3, No. 63, Jalan Sri Hartamas 1, Taman Sri Hartamas, 50480, Kuala Lumpur., Sri Hartamas / Mont Kiara, Kuala Lumpur, Malaysia, 50480","Hotel leaking, staff food department rude. The chinnese staff was so rude. He scolded my son because spilt the tissues. Come on he just 3 y/o. Whats your expect?. The lift was narrow. This is just 2 star hotel only.",negative,False
215,Agoda,"No 5, Lorong Walter Granier, Bukit Bintang, Kuala Lumpur, Malaysia, 55100","Toilet have smell,alot of PRC guest,lift abit long wait. Location is good,walking distane to pavillion&TRX,alot of restaurant around the hotel.",neutral,False
113,Agoda,"No 5, Lorong Walter Granier, Bukit Bintang, Kuala Lumpur, Malaysia, 55100","Great stay at Sleeping Lion Suites! Clean and comfortable room, friendly staff, and excellent location near Bukit Bintang. The pool and city view were amazing. Would stay again.",positive,False
18,Agoda,"Jalan PJS 11/28b, Bandar Sunway, Kuala Lumpur, Malaysia, 46150",Highly recommended. Stayed here every trip to KL. Staff are very friendly & nice. Room is clean with complete facilities. Prices are reasonable too.,positive,False
285,Agoda,"Persiaran Bandar Utama, One Utama / Damansara, Kuala Lumpur, Malaysia, 47800",Access card down during CNY. Not provided during check in. Access card cannot be used to exit parking lot. Concierge could not coordinate with parking staff to allow easy exit. Overall very poor service during a very important time.,negative,False
38,Agoda,"Jalan PJS 11/28b, Bandar Sunway, Kuala Lumpur, Malaysia, 46150","Loved the fact that the interior is unique, felt safe even though I stayed alone and so convenient to find food around the hotel. Will definitely stay again next time.",positive,False
191,Agoda,"No 5, Lorong Walter Granier, Bukit Bintang, Kuala Lumpur, Malaysia, 55100",very convenient location surrounded by good food. Only drawback is the long closure period of the infinity swimming pool on 37th floor.,neutral,False
297,Agoda,"Jalan Putra, Chowkit / Putra WTC, Kuala Lumpur, Malaysia, 50350",Lousy hotel,negative,True
30,Agoda,"Jalan PJS 11/28b, Bandar Sunway, Kuala Lumpur, Malaysia, 46150","Friendly staff, affordable, clean room, walking distance to Sunway Pyramid (opposite only), others places also is walking distance.",positive,False
175,Agoda,"Taman Putra Perdana, Jalan Putra Perdana, Presint 1, 62000 Putrajaya, Malaysia",The room included a television.,neutral,False
4,Agoda,"Jalan PJS 11/28b, Bandar Sunway, Kuala Lumpur, Malaysia, 46150","Exceptional. Their service is good and friendly, room are clean and comfortable.",positive,False
71,TripAdvisor,"KLoé Hotel, 227, Jln Bukit Bintang, Imbi, 55100 Kuala Lumpur, Federal Territory of Kuala Lumpur",The staff were all so helpful and kind.,positive,False
54,TripAdvisor,"KLoé Hotel, 227, Jln Bukit Bintang, Imbi, 55100 Kuala Lumpur, Federal Territory of Kuala Lumpur","Any additional requests were attended to promptly and efficiently, reflecting the team’s attentiveness and commitment to guest satisfaction.",positive,False
163,Agoda,"Taman Putra Perdana, Jalan Putra Perdana, Presint 1, 62000 Putrajaya, Malaysia",The hotel has a poolside area.,neutral,False
125,Agoda,"Jalan PJS 11/28b, Bandar Sunway, Kuala Lumpur, Malaysia, 46150",overall ok,neutral,True
85,Agoda,"No 5, Lorong Walter Granier, Bukit Bintang, Kuala Lumpur, Malaysia, 55100",Couple friendly,positive,True
356,Agoda,"No 2 Jalan PJS 11/28 Sunway Metro, Bandar Sunway, Subang Jaya, Petaling Jaya, Bandar Sunway, Kuala Lumpur, Malaysia, 46150","A terrible nightmare, noisy to the max, next door is night life entertainment business.",negative,False
262,Agoda,"D-G-08, Plaza Damas 3, No. 63, Jalan Sri Hartamas 1, Taman Sri Hartamas, 50480, Kuala Lumpur., Sri Hartamas / Mont Kiara, Kuala Lumpur, Malaysia, 50480",Bad services,negative,True
331,Agoda,"No 2 Jalan PJS 11/28 Sunway Metro, Bandar Sunway, Subang Jaya, Petaling Jaya, Bandar Sunway, Kuala Lumpur, Malaysia, 46150","The room is small. The toilet can't flush properly and not hot water heater. Noisy as you will keep hearing people slamming the door, talking n laughing.",negative,False
189,Agoda,"No 5, Lorong Walter Granier, Bukit Bintang, Kuala Lumpur, Malaysia, 55100","Great location. Parking costs RM10 per entry, which feels a bit inconvenient. The lift is quite slow, so expect longer waiting times.",neutral,False
185,Agoda,"Taman Putra Perdana, Jalan Putra Perdana, Presint 1, 62000 Putrajaya, Malaysia",The hotel offers breakfast service every morning.,neutral,False
136,Agoda,"138 Jalan Ampang, Kuala Lumpur City Centre, Kuala Lumpur, Malaysia, 50450",Overall ok just hotel design too dark,neutral,False
248,Agoda,"D-G-08, Plaza Damas 3, No. 63, Jalan Sri Hartamas 1, Taman Sri Hartamas, 50480, Kuala Lumpur., Sri Hartamas / Mont Kiara, Kuala Lumpur, Malaysia, 50480","No good, bad service",negative,False
59,TripAdvisor,"KLoé Hotel, 227, Jln Bukit Bintang, Imbi, 55100 Kuala Lumpur, Federal Territory of Kuala Lumpur",loved the attention to small details throughout the property,positive,False
336,Agoda,"No 2 Jalan PJS 11/28 Sunway Metro, Bandar Sunway, Subang Jaya, Petaling Jaya, Bandar Sunway, Kuala Lumpur, Malaysia, 46150","This is the worst hotel I had stayed, room smelled of smoking and cigarettes, found a burnt cigarette in the toilet, I booked for 2 nights and I check out early morning 1st night as the room smelled so badly until your cleaned clothes also smelled like cigarette.",negative,False
128,Agoda,"Jalan PJS 11/28b, Bandar Sunway, Kuala Lumpur, Malaysia, 46150",“Overall is Okay. The shower area is very small and the shower pressure is very low.” If possible please repairs the shower pressure.,neutral,False
341,Agoda,"No 2 Jalan PJS 11/28 Sunway Metro, Bandar Sunway, Subang Jaya, Petaling Jaya, Bandar Sunway, Kuala Lumpur, Malaysia, 46150","The hotel is still under renovation... lots of dust, dirty too. The floor is not tiled, the walls are brick and cement without paint. It's hard to breathe because there is a smell of sand and cement",negative,False
137,Agoda,"139 Jalan Ampang, Kuala Lumpur City Centre, Kuala Lumpur, Malaysia, 50450",Nothing wow about it,neutral,False
291,Agoda,"9, Jalan Lumut,, Chowkit / Putra WTC, Kuala Lumpur, Malaysia, 50400",Not Got Old fasion,negative,False
332,Agoda,"No 2 Jalan PJS 11/28 Sunway Metro, Bandar Sunway, Subang Jaya, Petaling Jaya, Bandar Sunway, Kuala Lumpur, Malaysia, 46150",Toilet and room filty and smelly. Receptionist was eating an dripping ice cream cone when I check in. At lease put aside wipe her hands before asking my IC. Her hands where all over my IC. Goodness.,negative,False
350,Agoda,"No 2 Jalan PJS 11/28 Sunway Metro, Bandar Sunway, Subang Jaya, Petaling Jaya, Bandar Sunway, Kuala Lumpur, Malaysia, 46150","Environment no good , no lift , strong damp smell, the floor oily",negative,False
148,Agoda,"150 Jalan Ampang, Kuala Lumpur City Centre, Kuala Lumpur, Malaysia, 50450","This hotel is recommended because its a walking distance from klcc and near to.lrt station..However,can only view klcc from only 1 tower.No facilities provided only towels and amneties.Room quite amall maybe can fit 2 people only.If you are looking for a room to just sleep this hotel is ok .",neutral,False
277,Agoda,"D-G-08, Plaza Damas 3, No. 63, Jalan Sri Hartamas 1, Taman Sri Hartamas, 50480, Kuala Lumpur., Sri Hartamas / Mont Kiara, Kuala Lumpur, Malaysia, 50480",very bad experience,negative,False
228,Agoda,"D-G-08, Plaza Damas 3, No. 63, Jalan Sri Hartamas 1, Taman Sri Hartamas, 50480, Kuala Lumpur., Sri Hartamas / Mont Kiara, Kuala Lumpur, Malaysia, 50480",They hard to pick up the call..You need to call 10 times..towel at swimming pool not enough so you need to bring your room towel to pool,neutral,False
119,Agoda,"No 5, Lorong Walter Granier, Bukit Bintang, Kuala Lumpur, Malaysia, 55100",Location is superb. A throw stone away from Pavilion and heart of Bukit Bintang. Value for money. Plenty of eating places nearby even after midnight.,positive,False
63,TripAdvisor,"KLoé Hotel, 227, Jln Bukit Bintang, Imbi, 55100 Kuala Lumpur, Federal Territory of Kuala Lumpur",the best part they giving a lot of in house snack and drinks.,positive,False
192,Agoda,"No 5, Lorong Walter Granier, Bukit Bintang, Kuala Lumpur, Malaysia, 55100",Always choose to stay here because it’s convenient. Comfortable bed & pillow. Staff not so helpful on arranging my room request. Already put note “connecting room / side by side” but still arranged room end to end building for my 4 rooms.,neutral,False
293,Agoda,"9, Jalan Lumut,, Chowkit / Putra WTC, Kuala Lumpur, Malaysia, 50400",Slow service and room not clean,negative,False
21,Agoda,"Jalan PJS 11/28b, Bandar Sunway, Kuala Lumpur, Malaysia, 46150",Very convenience. Staff helpful,positive,False
188,Agoda,"No 5, Lorong Walter Granier, Bukit Bintang, Kuala Lumpur, Malaysia, 55100",The lift is extremely busy and took a long time to travel up and down. Otherwise everything ok.,neutral,False
181,Agoda,"Taman Putra Perdana, Jalan Putra Perdana, Presint 1, 62000 Putrajaya, Malaysia",The room had access to wireless internet.,neutral,False
144,Agoda,"146 Jalan Ampang, Kuala Lumpur City Centre, Kuala Lumpur, Malaysia, 50450","Location is good, just that didn’t mention that the room key have to be returned if not will charge.",neutral,False
93,Agoda,"No 5, Lorong Walter Granier, Bukit Bintang, Kuala Lumpur, Malaysia, 55100",Good nice hotel,positive,False
353,Agoda,"No 2 Jalan PJS 11/28 Sunway Metro, Bandar Sunway, Subang Jaya, Petaling Jaya, Bandar Sunway, Kuala Lumpur, Malaysia, 46150","This hotel has underperformed especially the cleaniness of the room. The bed feel a bit wet when check in and the pillow smelled. We also bad experience with the bed bug. This hotel do not have even ""Make Up my Room"" etc and the cleaner just simply NOT cleaning the room or provide new towel. Upon checkout, the hotel reception was also away and we are rushing the airport. It was lucky we get the deposit before our car arrived. Very disappointed with this hotel and get fooled with the nicely renovation front counter. Definetely a bad experience with this hotel",negative,False
328,Agoda,"No 2 Jalan PJS 11/28 Sunway Metro, Bandar Sunway, Subang Jaya, Petaling Jaya, Bandar Sunway, Kuala Lumpur, Malaysia, 46150","No parking, noisy, dirty bedsheet, old and broken bath towel, noise and vibration on toilet exhausting fan. Not worth to stay.",negative,False
319,Agoda,"Jalan Putra, Chowkit / Putra WTC, Kuala Lumpur, Malaysia, 50350",Definitely not 5 stars as it rated. Rooms are old and staffs are not friendly. Terrible location,negative,False
299,Agoda,"Jalan Putra, Chowkit / Putra WTC, Kuala Lumpur, Malaysia, 50350","Hotel staff are unfriendly and unaccommodating. The hotel appears to be somewhat renovated, but is dingy and distinct odors surround the hallway floors. Please do your due diligence before booking a reservation with this hotel.",negative,False
219,Agoda,"No 5, Lorong Walter Granier, Bukit Bintang, Kuala Lumpur, Malaysia, 55100",Excellent location. Walking distance to trx and bukit bintang. Need wait couple of mins to take lift during peak hours,neutral,False
272,Agoda,"D-G-08, Plaza Damas 3, No. 63, Jalan Sri Hartamas 1, Taman Sri Hartamas, 50480, Kuala Lumpur., Sri Hartamas / Mont Kiara, Kuala Lumpur, Malaysia, 50480",Dirt and smelly,negative,False
305,Agoda,"Jalan Putra, Chowkit / Putra WTC, Kuala Lumpur, Malaysia, 50350","Parking sngt teruk..travel from terengganu to johor the back to hotel, at the end no parking provided..Management tak bertanggungjawab. Bad experience.",negative,False
177,Agoda,"Taman Putra Perdana, Jalan Putra Perdana, Presint 1, 62000 Putrajaya, Malaysia",The room included a private bathroom.,neutral,False
251,Agoda,"D-G-08, Plaza Damas 3, No. 63, Jalan Sri Hartamas 1, Taman Sri Hartamas, 50480, Kuala Lumpur., Sri Hartamas / Mont Kiara, Kuala Lumpur, Malaysia, 50480",No smoking room but once I enter smell cigaret with no window. Toilet and bed sheet super dirty,negative,False
5,Agoda,"Jalan PJS 11/28b, Bandar Sunway, Kuala Lumpur, Malaysia, 46150","Stay Experience. This place offers fantastic value, with a prime location that makes shopping and transport super convenient. The cleanliness is impressive, and the staff are incredibly friendly and helpful. Facilities are well-maintained, featuring reliable Wi-Fi and consistent hot water, making for a comfortable stay. Overall, it's great choice for anyone looking for an enjoyable experience without breaking the bank.",positive,False
107,Agoda,"No 5, Lorong Walter Granier, Bukit Bintang, Kuala Lumpur, Malaysia, 55100",This is my second stay at Sleeping Lion suites in 2 years. The property offers a pristine environment with nice facilities with top-notch amenities. Its location is perfect for shopping with both Pavillion and TRX mall in walking distance. Staff were friendly and attentive which contributed to an overall seamless experience making it a great value for the price. i would definitely recommend this place to those who are looking for late night outings and shopping.,positive,False
256,Agoda,"D-G-08, Plaza Damas 3, No. 63, Jalan Sri Hartamas 1, Taman Sri Hartamas, 50480, Kuala Lumpur., Sri Hartamas / Mont Kiara, Kuala Lumpur, Malaysia, 50480","bad check in, not enough staff",negative,False
237,Agoda,"D-G-08, Plaza Damas 3, No. 63, Jalan Sri Hartamas 1, Taman Sri Hartamas, 50480, Kuala Lumpur., Sri Hartamas / Mont Kiara, Kuala Lumpur, Malaysia, 50480",Toilet shower leaking very” bad and ac leaking the same…please your making service chek the all in room,neutral,False
348,Agoda,"No 2 Jalan PJS 11/28 Sunway Metro, Bandar Sunway, Subang Jaya, Petaling Jaya, Bandar Sunway, Kuala Lumpur, Malaysia, 46150","Found cockroach in the room and on the bed sheets, very dirty room, bad mattress, no mirror (not even a small one), broken shower",negative,False
165,Agoda,"Taman Putra Perdana, Jalan Putra Perdana, Presint 1, 62000 Putrajaya, Malaysia",Turndown service was provided in the evening.,neutral,False
294,Agoda,"9, Jalan Lumut,, Chowkit / Putra WTC, Kuala Lumpur, Malaysia, 50400",it's not worth of the money spent in this hotel. You will be force to sleep by 9pm due to the brightness of the room.,negative,False
267,Agoda,"D-G-08, Plaza Damas 3, No. 63, Jalan Sri Hartamas 1, Taman Sri Hartamas, 50480, Kuala Lumpur., Sri Hartamas / Mont Kiara, Kuala Lumpur, Malaysia, 50480",If I could only give negative stars. I am disgusted with the xenophobic and racist staff employed by your hotel.,negative,False
279,Agoda,"Persiaran Bandar Utama, One Utama / Damansara, Kuala Lumpur, Malaysia, 47800",Very traumatic experience with kids trapped in lift . Poor maintenance of lift . Be careful,negative,False
131,Agoda,"Jalan PJS 11/28b, Bandar Sunway, Kuala Lumpur, Malaysia, 46150","Very very basic rooms. Very small bathroom. That said, all the basic amenities are there including toothbrushes, towels, small bottled drinking water in the room. With hot & room temperature water dispenser at corridor outside the room. Air-cond was good.",neutral,False
112,Agoda,"No 5, Lorong Walter Granier, Bukit Bintang, Kuala Lumpur, Malaysia, 55100","Hotel sangat bagus dan bersih Lokasi sangat strategist, dekat pavilion,sungai wang dan lot 10 Banyak makan di sekitar hotel. View dari kamar menghadap pavilion, ?? Dari hotel bisa cari sarapan ke ICC Pudu disana tersedia banyak makanan lokal dengan harga yang terjangkau",positive,False
276,Agoda,"D-G-08, Plaza Damas 3, No. 63, Jalan Sri Hartamas 1, Taman Sri Hartamas, 50480, Kuala Lumpur., Sri Hartamas / Mont Kiara, Kuala Lumpur, Malaysia, 50480",Staff doesn’t care about the guests. Breakfast was the most unsatisfied eliment in the hotel.i will never stay there.,negative,False
98,Agoda,"No 5, Lorong Walter Granier, Bukit Bintang, Kuala Lumpur, Malaysia, 55100","The property offers excellent value with spotless cleanliness and attentive staff. The garden, pool, and reliable Wi-Fi enhance the overall experience, while hot water and convenient transport options add to the comfort and ease of getting around. Everything felt well-maintained and thoughtfully provided, making for a truly enjoyable visit.",positive,False
80,TripAdvisor,"KLoé Hotel, 227, Jln Bukit Bintang, Imbi, 55100 Kuala Lumpur, Federal Territory of Kuala Lumpur",Modern and quiet hotel in this bustling city.,positive,False
313,Agoda,"Jalan Putra, Chowkit / Putra WTC, Kuala Lumpur, Malaysia, 50350","Front desk suck...request non smoking room in advance. upon counter, heard there comunicate have but end up give me smoking room. very suck....staff not friendly and no maners",negative,False
109,Agoda,"No 5, Lorong Walter Granier, Bukit Bintang, Kuala Lumpur, Malaysia, 55100","I stayed at the Sleeping Lion Hotel Kuala Lumpur from 4–6 June and had a wonderful experience. The hotel is clean, modern, and very well maintained. The room was comfortable, cozy, and equipped with everything I needed for a pleasant stay. One of the highlights is the excellent location, with easy access to shopping malls, restaurants, and public transportation, making it very convenient to explore Kuala Lumpur. The facilities were also great, and the overall atmosphere of the hotel was relaxing and welcoming. The staff were friendly, professional, and always willing to assist whenever needed. Their hospitality made my stay even more enjoyable. I would definitely recommend Sleeping Lion Hotel to anyone visiting Kuala Lumpur and would be happy to stay here again on my next trip. Thank you for the great experience!",positive,False
290,Agoda,"Persiaran Bandar Utama, One Utama / Damansara, Kuala Lumpur, Malaysia, 47800","very disappointed as we only get our room after 5pm and reason is that there is a delay in other group. due to this i suspect they din't clean up the room entirely, as the room assign to us was badly smell, toilet also smell urine. i found blood stain on one of the bad sheet. I really feel uncomfortable and feel unworth of money",negative,False
122,Agoda,"Jalan PJS 11/28b, Bandar Sunway, Kuala Lumpur, Malaysia, 46150",For the price I can’t complain but the cleanliness can be improved,neutral,False
157,Agoda,"159 Jalan Ampang, Kuala Lumpur City Centre, Kuala Lumpur, Malaysia, 50450",A short comfortable stay but not to expect from breakfast.,neutral,False
221,Agoda,"No 5, Lorong Walter Granier, Bukit Bintang, Kuala Lumpur, Malaysia, 55100","Room wise is nice. Clean, tidy and not too small. But the staff is kinda lazy I think.",neutral,False
258,Agoda,"D-G-08, Plaza Damas 3, No. 63, Jalan Sri Hartamas 1, Taman Sri Hartamas, 50480, Kuala Lumpur., Sri Hartamas / Mont Kiara, Kuala Lumpur, Malaysia, 50480","It is ever worst experience that I have review for this hotel, rating of 4 stars in the website but posted 5 stars in the agoda. Incompetence front desk officer, bad customer service for waiting check in more than an hour, order for king size bed but actual combination with 2 single beds, room cleanliness is bad, red itchy skin after a night stay. Breakfast is not much choices. Overall is not recommeded for stay.",negative,False
99,Agoda,"No 5, Lorong Walter Granier, Bukit Bintang, Kuala Lumpur, Malaysia, 55100","The location is close to Pavilion Mall, with many restaurants nearby. The accommodation is very clean, and there are a lot of customers, but they manage it very well. It looks clean and safe, has a bidet, and the shower has really good water pressure. I don't regret spending a single baht.",positive,False
273,Agoda,"D-G-08, Plaza Damas 3, No. 63, Jalan Sri Hartamas 1, Taman Sri Hartamas, 50480, Kuala Lumpur., Sri Hartamas / Mont Kiara, Kuala Lumpur, Malaysia, 50480","hi this bad experience stay with star hotel but dangerous place. my son slipper during step out from lift door due to very wet floor from drop water from swimming pool. no body care to make it clean and dry. sickness to my son. covid-19 sop also they not care, waiting time during check in 1 hours due 3 lines Q up, i already mention time arrival.",negative,False
9,Agoda,"Jalan PJS 11/28b, Bandar Sunway, Kuala Lumpur, Malaysia, 46150",Overall. Room is nice and overall good.,positive,False
317,Agoda,"Jalan Putra, Chowkit / Putra WTC, Kuala Lumpur, Malaysia, 50350","The rooms were very dirty... There were dirt spots on the towels... The bed smelled very bad, even when we changed the sheets the brought new smelly ones... For breakfast we found many dirty plates and ones i found a cup with lipsticks, which was kept in the area of clean and washed cups. I was really really disappointed with the hotel.",negative,False
42,TripAdvisor,"KLoé Hotel, 227, Jln Bukit Bintang, Imbi, 55100 Kuala Lumpur, Federal Territory of Kuala Lumpur",Room was comfortable and our rate included breakfast which was tasty.,positive,False
134,Agoda,"Jalan PJS 11/28b, Bandar Sunway, Kuala Lumpur, Malaysia, 46150","Price is relatively cheap, downside is that the room is very cramp and noisy from time to time",neutral,False
39,Agoda,"Jalan PJS 11/28b, Bandar Sunway, Kuala Lumpur, Malaysia, 46150","The staff is very friendly, all smooth and very recommended! Second time stay here",positive,False
130,Agoda,"Jalan PJS 11/28b, Bandar Sunway, Kuala Lumpur, Malaysia, 46150",The hotel is surrounded by bar and very close to the main street. Very noisy. The staff are very friendly and help us to change to room far from the main street but still some noise. Overall good but not suitable for those light sleeper.,neutral,False
12,Agoda,"Jalan PJS 11/28b, Bandar Sunway, Kuala Lumpur, Malaysia, 46150","Thanks for being so kind , as I left my laptop charger in room, staff are so kind to keep it safe till my friend came to take it.",positive,False
111,Agoda,"No 5, Lorong Walter Granier, Bukit Bintang, Kuala Lumpur, Malaysia, 55100",Best stay if u want to experience hustle and bustle of Bukit Bintang. Everything within walking distance.,positive,False
77,TripAdvisor,"KLoé Hotel, 227, Jln Bukit Bintang, Imbi, 55100 Kuala Lumpur, Federal Territory of Kuala Lumpur",Excellent location with industrial style furnishings,positive,False
170,Agoda,"Taman Putra Perdana, Jalan Putra Perdana, Presint 1, 62000 Putrajaya, Malaysia",The room included complimentary Wi-Fi access.,neutral,False
152,Agoda,"154 Jalan Ampang, Kuala Lumpur City Centre, Kuala Lumpur, Malaysia, 50450",The hotel is acceptable with the price but maybe not my preferred choice for long stay.,neutral,False
145,Agoda,"147 Jalan Ampang, Kuala Lumpur City Centre, Kuala Lumpur, Malaysia, 50450",Nothing special. I didn't get my breakfast as I left early for my fight.,neutral,False
195,Agoda,"No 5, Lorong Walter Granier, Bukit Bintang, Kuala Lumpur, Malaysia, 55100",Everything about this hotel is good. Except for its elevators and it's pillows. Elevators are always crowded that we have to queue. Pillows were hard that they gave me stiff neck,neutral,False
142,Agoda,"144 Jalan Ampang, Kuala Lumpur City Centre, Kuala Lumpur, Malaysia, 50450",Overall it was fine although this time they gave me just not really good room but it was fine,neutral,False
183,Agoda,"Taman Putra Perdana, Jalan Putra Perdana, Presint 1, 62000 Putrajaya, Malaysia",The room contained a telephone.,neutral,False
309,Agoda,"Jalan Putra, Chowkit / Putra WTC, Kuala Lumpur, Malaysia, 50350","No good service, No veg food availability.",negative,False
36,Agoda,"Jalan PJS 11/28b, Bandar Sunway, Kuala Lumpur, Malaysia, 46150",Comfortable and nice environment,positive,False
275,Agoda,"D-G-08, Plaza Damas 3, No. 63, Jalan Sri Hartamas 1, Taman Sri Hartamas, 50480, Kuala Lumpur., Sri Hartamas / Mont Kiara, Kuala Lumpur, Malaysia, 50480",not like a hotel...like a motel,negative,False
106,Agoda,"No 5, Lorong Walter Granier, Bukit Bintang, Kuala Lumpur, Malaysia, 55100","Love staying here for my KL trip. The room is spacious with comfy bed n pillows. Clean & neat. Checking-in was a breeze although you see there are lots of guests checking in at the same time. Counters available is more than 3. Friendly staffs and conveniet location. Walking distance to TRX, Pavilion and bukit bintang area.",positive,False
351,Agoda,"No 2 Jalan PJS 11/28 Sunway Metro, Bandar Sunway, Subang Jaya, Petaling Jaya, Bandar Sunway, Kuala Lumpur, Malaysia, 46150","Hotel floor very slippery, my friend fall down and get hurt . The blanket very smelly. Disappointed with this hotel.",negative,False
193,Agoda,"No 5, Lorong Walter Granier, Bukit Bintang, Kuala Lumpur, Malaysia, 55100","Good hotel with best location. Hotel management needs to review to replace all towels as when usage, can see all the towel particles flying which is harmful to our health especially for asthmatic people. For your consideration to improve the hotel image.,",neutral,False
214,Agoda,"No 5, Lorong Walter Granier, Bukit Bintang, Kuala Lumpur, Malaysia, 55100","Second time staying here. Highly recommended for it's location - walking distance to Pavilion Bukit Bintang and food areas. Hotel room size is okay (may be a bit small), but the bed is great. Cleanliness can be improved - toilet floor and walls need cleaning, dust under the bed.",neutral,False
176,Agoda,"Taman Putra Perdana, Jalan Putra Perdana, Presint 1, 62000 Putrajaya, Malaysia",The booking was made through an online travel platform.,neutral,False
26,Agoda,"Jalan PJS 11/28b, Bandar Sunway, Kuala Lumpur, Malaysia, 46150",Clean hotel and good athmosphere.,positive,False
58,TripAdvisor,"KLoé Hotel, 227, Jln Bukit Bintang, Imbi, 55100 Kuala Lumpur, Federal Territory of Kuala Lumpur",the rooms were spotless and comfortable.,positive,False
274,Agoda,"D-G-08, Plaza Damas 3, No. 63, Jalan Sri Hartamas 1, Taman Sri Hartamas, 50480, Kuala Lumpur., Sri Hartamas / Mont Kiara, Kuala Lumpur, Malaysia, 50480","The worse. Gave me a small room with 2 single beds, windowless. Worse than a budget hotel.",negative,False
179,Agoda,"Taman Putra Perdana, Jalan Putra Perdana, Presint 1, 62000 Putrajaya, Malaysia",Breakfast was served on the ground floor.,neutral,False
230,Agoda,"D-G-08, Plaza Damas 3, No. 63, Jalan Sri Hartamas 1, Taman Sri Hartamas, 50480, Kuala Lumpur., Sri Hartamas / Mont Kiara, Kuala Lumpur, Malaysia, 50480",The parking is very confusing and staff dont know how to explain .,neutral,False
16,Agoda,"Jalan PJS 11/28b, Bandar Sunway, Kuala Lumpur, Malaysia, 46150",Great room and vibe.,positive,False
261,Agoda,"D-G-08, Plaza Damas 3, No. 63, Jalan Sri Hartamas 1, Taman Sri Hartamas, 50480, Kuala Lumpur., Sri Hartamas / Mont Kiara, Kuala Lumpur, Malaysia, 50480",You can get better room for the price you paid !!!,negative,False
166,Agoda,"Taman Putra Perdana, Jalan Putra Perdana, Presint 1, 62000 Putrajaya, Malaysia",The hotel provides in-room dining services.,neutral,False
314,Agoda,"Jalan Putra, Chowkit / Putra WTC, Kuala Lumpur, Malaysia, 50350","Lousy hotel. It spoiled our day, and we had to walk the stairs even though five elevators were out of service simultaneously. No technician was available for immediate repair, and no staff member guided us to the staircase. My parents are elderly and also had to walk. I will never stay there again.",negative,False
308,Agoda,"Jalan Putra, Chowkit / Putra WTC, Kuala Lumpur, Malaysia, 50350",Inside toilet got cockroach Inside cupboard also hot cockroach Pillow smell saliva this is totally cannot accept,negative,False
27,Agoda,"Jalan PJS 11/28b, Bandar Sunway, Kuala Lumpur, Malaysia, 46150","Overall ok, staff s friendly. Strategic location.",positive,False
45,TripAdvisor,"KLoé Hotel, 227, Jln Bukit Bintang, Imbi, 55100 Kuala Lumpur, Federal Territory of Kuala Lumpur",Love the chill vibe and atmosphere,positive,False
357,Agoda,"No 2 Jalan PJS 11/28 Sunway Metro, Bandar Sunway, Subang Jaya, Petaling Jaya, Bandar Sunway, Kuala Lumpur, Malaysia, 46150","Room condition very worse A lot of dust in the room, you can see small ants, dirty room & toilet The room is very tight not suitable for family & couple Room floor is slippery & dirty the bed is dirty Overall, hygiene and cleanliness standards are unacceptable. The hotel mgt really need need improve the cleaning & hygiene for their room. Will skip this hotel when I nearby here again",negative,False
325,Agoda,"No 2 Jalan PJS 11/28 Sunway Metro, Bandar Sunway, Subang Jaya, Petaling Jaya, Bandar Sunway, Kuala Lumpur, Malaysia, 46150","I don't usually criticized hotel. But this hotel is really disappointed me. 1) The bed sheet got dirty stained on it 2) The pillow is really smelly and disgusting, i think the hotel didn't clean it after last guest check out. 3) The shower gel on the table already been used, as it only left 1/4 bottle. Is it really hard to provide a new one? 4) The towel is really smelly. When I request to change another room, front desk inform me that the hotel is fully booked, and request me to pay another RM25 to upgrade the room. Will not go there anymore!",negative,False
289,Agoda,"Persiaran Bandar Utama, One Utama / Damansara, Kuala Lumpur, Malaysia, 47800",You will not feel u are being welcoming and the staying experience not worth the price u paid. U will regret!E49,negative,False
53,TripAdvisor,"KLoé Hotel, 227, Jln Bukit Bintang, Imbi, 55100 Kuala Lumpur, Federal Territory of Kuala Lumpur",The hospitality was equally impressive,positive,False
208,Agoda,"No 5, Lorong Walter Granier, Bukit Bintang, Kuala Lumpur, Malaysia, 55100","Rooms: Comfortable with a great view, but noise travels easily from the hallway.?• Pool: The view is absolutely insane.?• Location: Excellent and very walkable.?• Facilities: The gym is poorly equipped and the sauna remains under maintenance indefinitely.",neutral,False
264,Agoda,"D-G-08, Plaza Damas 3, No. 63, Jalan Sri Hartamas 1, Taman Sri Hartamas, 50480, Kuala Lumpur., Sri Hartamas / Mont Kiara, Kuala Lumpur, Malaysia, 50480",the hotel will bring shame to malaysia. i swear,negative,False
180,Agoda,"Taman Putra Perdana, Jalan Putra Perdana, Presint 1, 62000 Putrajaya, Malaysia",The room key was issued during check-in.,neutral,False
156,Agoda,"158 Jalan Ampang, Kuala Lumpur City Centre, Kuala Lumpur, Malaysia, 50450",No comment,neutral,True
116,Agoda,"No 5, Lorong Walter Granier, Bukit Bintang, Kuala Lumpur, Malaysia, 55100","The accommodation in the 37-story building is frequented by many travelers, so the lobby is always crowded. The condition of the accommodation is clean, with well-equipped amenities such as a swimming pool and gym, and the staff was friendly. There are many restaurants nearby, making it convenient for meals, and it's about a 20-minute walk to KLCC, so most people walked. I recommend it.",positive,False
226,Agoda,"No 5, Lorong Walter Granier, Bukit Bintang, Kuala Lumpur, Malaysia, 55100","Nice hotel and a very strategic location. However, you just need to have patience for waiting for the lift.",neutral,False
28,Agoda,"Jalan PJS 11/28b, Bandar Sunway, Kuala Lumpur, Malaysia, 46150",The room is very clean & the staff is so friendly & helpfull.,positive,False
91,Agoda,"No 5, Lorong Walter Granier, Bukit Bintang, Kuala Lumpur, Malaysia, 55100","Sleeping Lion Hotel (though a weird name) is one of the best hotel to stay when in KL. It’s walking distance to KLs biggest malls and sites. Including the famous Petronas Towers. It offers the best value. Grab available rooms fast cos it’s in high demand. There’s no restaurant in this hotel, but you will find plenty of great eating places around the vicinity .. so it’s not an issue. Thanks to the Friendly and professional crew who made the stay smooth and enjoyable. They Gave me room at floor 35.!! To all, Enjoy the great view at the Top Floor (37/F) and have fun at the nice infinity pool.",positive,False
23,Agoda,"Jalan PJS 11/28b, Bandar Sunway, Kuala Lumpur, Malaysia, 46150",Walking distance to hotel and easy to reach places to eat. clean and easy process of check in and check out. highly recommended.,positive,False
202,Agoda,"No 5, Lorong Walter Granier, Bukit Bintang, Kuala Lumpur, Malaysia, 55100",Hotel nearby malls. Do take note there is no in room services.,neutral,False
322,Agoda,"No 2 Jalan PJS 11/28 Sunway Metro, Bandar Sunway, Subang Jaya, Petaling Jaya, Bandar Sunway, Kuala Lumpur, Malaysia, 46150",bedroom floor and toilet floor are oily,negative,False
115,Agoda,"No 5, Lorong Walter Granier, Bukit Bintang, Kuala Lumpur, Malaysia, 55100",Spacious room as advertised! Perfect location with minutes walk to nearest malls in KL,positive,False
310,Agoda,"Jalan Putra, Chowkit / Putra WTC, Kuala Lumpur, Malaysia, 50350","TV with flickering screen, old furniture, bad smell within room, dirty bedsheet.",negative,False
203,Agoda,"No 5, Lorong Walter Granier, Bukit Bintang, Kuala Lumpur, Malaysia, 55100","We chose the Junior Superior King room that looked big in pictures but when we went there, we were taken back with the size. However, service was great, location was good. Could be the room we booked. But overall, 7/10.",neutral,False
306,Agoda,"Jalan Putra, Chowkit / Putra WTC, Kuala Lumpur, Malaysia, 50350",Parking is not convince at all,negative,False
190,Agoda,"No 5, Lorong Walter Granier, Bukit Bintang, Kuala Lumpur, Malaysia, 55100","So far so good, but the room is quite smaller.",neutral,False
302,Agoda,"Jalan Putra, Chowkit / Putra WTC, Kuala Lumpur, Malaysia, 50350",Not suitable place for young couples,negative,False
209,Agoda,"No 5, Lorong Walter Granier, Bukit Bintang, Kuala Lumpur, Malaysia, 55100","the room is spacious and cool AC. Hot water is perfect. But, no smart tv and no AC on lift.",neutral,False
20,Agoda,"Jalan PJS 11/28b, Bandar Sunway, Kuala Lumpur, Malaysia, 46150",The location is great and the room is nice.,positive,False
212,Agoda,"No 5, Lorong Walter Granier, Bukit Bintang, Kuala Lumpur, Malaysia, 55100","Location and view is good. However, the hotel is very busy and getting a lift takes very long.",neutral,False
161,Agoda,"Taman Putra Perdana, Jalan Putra Perdana, Presint 1, 62000 Putrajaya, Malaysia",The hotel is located in Kuala Lumpur.,neutral,False
41,TripAdvisor,"KLoé Hotel, 227, Jln Bukit Bintang, Imbi, 55100 Kuala Lumpur, Federal Territory of Kuala Lumpur",Hotel is conveniently placed for downtown with all shopping and dining within a 10-15 min walk,positive,False
101,Agoda,"No 5, Lorong Walter Granier, Bukit Bintang, Kuala Lumpur, Malaysia, 55100","The location is close to Pavilion Mall, with many restaurants nearby. The accommodation is very clean, and there are a lot of customers, but they manage it very well. It looks clean and safe, has a bidet, and the shower has really good water pressure. I don't regret spending a single baht.",positive,False
90,Agoda,"No 5, Lorong Walter Granier, Bukit Bintang, Kuala Lumpur, Malaysia, 55100",Good location. Center of Pavilion and TRX mall,positive,False
151,Agoda,"153 Jalan Ampang, Kuala Lumpur City Centre, Kuala Lumpur, Malaysia, 50450","I found this hotel and booked it literally 30 minutes before I checked in, and the staff were still very accommodating although a little unapproachable. My room was big and pretty clean, and while the bed is not 5-star style it’s still quite comfortable. And even though I faced both a construction site and the main road it wasn’t very noisy. The hotel itself could do with some light maintenance tho - the corridors are a bit dirty and the ground floor lobby needs a spruce to make it look more inviting. But my biggest peeve was the elevator. The middle elevator (inevitably the one I got every time) wouldn’t access my floor with my keycard. I had to stop at reception and ask them to tap their pass for me. Not a dealbreaker coz they’re 24hr but annoying enough. When I pressed them on this they said they had a limited number of keys that allowed floor access and mine wasn’t one of them - which is patently stupid. I hope they fix this as the rest of the stay was nice otherwise.",neutral,False
34,Agoda,"Jalan PJS 11/28b, Bandar Sunway, Kuala Lumpur, Malaysia, 46150",Booked my stay through Agoda and definitely love it. Staff is very helpful to accomodate my need.,positive,False
327,Agoda,"No 2 Jalan PJS 11/28 Sunway Metro, Bandar Sunway, Subang Jaya, Petaling Jaya, Bandar Sunway, Kuala Lumpur, Malaysia, 46150",Hotel is not responsible lift is broken need to climb like a monkey to upper stairs no one will help to carry your luggage. Staff cannot cancel . Not recommended,negative,False
257,Agoda,"D-G-08, Plaza Damas 3, No. 63, Jalan Sri Hartamas 1, Taman Sri Hartamas, 50480, Kuala Lumpur., Sri Hartamas / Mont Kiara, Kuala Lumpur, Malaysia, 50480","No lounge to hang out, no SOP, pool are overcrowded, lift also ao slow, prking have to pay..",negative,False
158,Agoda,"160 Jalan Ampang, Kuala Lumpur City Centre, Kuala Lumpur, Malaysia, 50450",nothing special,neutral,True
250,Agoda,"D-G-08, Plaza Damas 3, No. 63, Jalan Sri Hartamas 1, Taman Sri Hartamas, 50480, Kuala Lumpur., Sri Hartamas / Mont Kiara, Kuala Lumpur, Malaysia, 50480",Enter room with heavy smoking smell Old style design Bad experience,negative,False
358,Agoda,"No 2 Jalan PJS 11/28 Sunway Metro, Bandar Sunway, Subang Jaya, Petaling Jaya, Bandar Sunway, Kuala Lumpur, Malaysia, 46150",A bit dirty & aircon is not cold enough.,negative,False
135,Agoda,"Jalan PJS 11/28b, Bandar Sunway, Kuala Lumpur, Malaysia, 46150","Overall everything is ok,only theres no lift,inconvenient if you have big and heavy luggage",neutral,False
169,Agoda,"Taman Putra Perdana, Jalan Putra Perdana, Presint 1, 62000 Putrajaya, Malaysia",Information about hotel services was provided during check-in.,neutral,False
233,Agoda,"D-G-08, Plaza Damas 3, No. 63, Jalan Sri Hartamas 1, Taman Sri Hartamas, 50480, Kuala Lumpur., Sri Hartamas / Mont Kiara, Kuala Lumpur, Malaysia, 50480",Staff never answers phone call,neutral,False
342,Agoda,"No 2 Jalan PJS 11/28 Sunway Metro, Bandar Sunway, Subang Jaya, Petaling Jaya, Bandar Sunway, Kuala Lumpur, Malaysia, 46150",??? ????????. ????????????????????????.????????????????????. ??? ???????????????. ???????. ?????????. ???? ?????????.,negative,True
303,Agoda,"Jalan Putra, Chowkit / Putra WTC, Kuala Lumpur, Malaysia, 50350",bad bad bad experience,negative,False
323,Agoda,"No 2 Jalan PJS 11/28 Sunway Metro, Bandar Sunway, Subang Jaya, Petaling Jaya, Bandar Sunway, Kuala Lumpur, Malaysia, 46150","Unbelievable! First time was ok as it is Mixx Hotel, This time only I knew there's a different between Mixx Hotel and Mixx Express Sunway. Both located at same place same location same entrance and even when you make the booking those pictures looks the same. Beware of booking Mixx Express Sunway, the room smells terrible really will get you disappointed as soon as U open the room door even before you turn on the light and get into the room as the scent of cheapo fragrance smell too strong. As you put on the key card and light up the room, you'll see the wall painted peeled off, when you check out the bathroom toilet there's stain and black mould all over the corners. The bedsheet with stains and holes, the tv not clear and only local channel no IPTV, Netflix whatsoever. Room No 104. What an experience! No more Mixx!",negative,False
298,Agoda,"Jalan Putra, Chowkit / Putra WTC, Kuala Lumpur, Malaysia, 50350","The staffs who came for daily cleaning didn't even vacuum the carpet on the floor, and they placed the new bedsheet on the dirty floor!!!",negative,False
338,Agoda,"No 2 Jalan PJS 11/28 Sunway Metro, Bandar Sunway, Subang Jaya, Petaling Jaya, Bandar Sunway, Kuala Lumpur, Malaysia, 46150","First room has broken bed with spring issue and towel with holes. Request to change room, second room is better condition but find out cockroach on third night, went to a few budget hotel before at the same area but this 1 overall very bad experience.",negative,False
182,Agoda,"Taman Putra Perdana, Jalan Putra Perdana, Presint 1, 62000 Putrajaya, Malaysia",The booking was made in advance.,neutral,False
146,Agoda,"148 Jalan Ampang, Kuala Lumpur City Centre, Kuala Lumpur, Malaysia, 50450",Hotel rooms are OK and it's near to petronas towers. Breakfast not worth the money.,neutral,False
29,Agoda,"Jalan PJS 11/28b, Bandar Sunway, Kuala Lumpur, Malaysia, 46150",i'd say i am very satisfied with my stay. when there for a concert @Sunway lagoon and I was very shocked to see how close it is to the surf beach entrance sunway lagoon. literally just a minute walk! The staffs are kind and friendly. Oh and not to mention the room is very aesthetically pleasing despite its cheap price range. The interior is very nice i'd say i would repeat for a stay here next time! The tv also is a smart tv (has netflix) which is very surprising bcs i wasn't expecting for a lower price range hotel to has a smart tv! the toiletl/shower is very cleannn. They also has 7eleven cafe literally downstairs of the hotel and next to it got mamak which make it easy access for foods whenever you are hungry :) Overall i would rate 100 out of 100,positive,False
150,Agoda,"152 Jalan Ampang, Kuala Lumpur City Centre, Kuala Lumpur, Malaysia, 50450",overall is ok and fine. only soundproof have to improve because this time i met up with a family with kids and the kids is very noise till late night and also early in the morning.,neutral,False
159,Agoda,"1020, Jln Sultan Ismail, Kuala Lumpur City Centre, Kuala Lumpur, Malaysia, 50299",Is fine and convenient but too much crowded.,neutral,False
345,Agoda,"No 2 Jalan PJS 11/28 Sunway Metro, Bandar Sunway, Subang Jaya, Petaling Jaya, Bandar Sunway, Kuala Lumpur, Malaysia, 46150","No lift, difficulty to access to room with luggage as no lift.",negative,False
100,Agoda,"No 5, Lorong Walter Granier, Bukit Bintang, Kuala Lumpur, Malaysia, 55100","I arrived before 2 PM, and when I tried to check in my luggage, I was informed that I could check in already. I was able to check in without waiting. The wait time for the elevator was not a problem if I adjusted the timing. The facilities were new, and I had a comfortable stay. The shortest route from Bukit Bintang station to the hotel is somewhat unsafe, so I recommend taking the longer route via Pavilion.",positive,False
67,TripAdvisor,"KLoé Hotel, 227, Jln Bukit Bintang, Imbi, 55100 Kuala Lumpur, Federal Territory of Kuala Lumpur",The hotel is in a good location and it’s easy to walk everywhere from there.,positive,False
48,TripAdvisor,"KLoé Hotel, 227, Jln Bukit Bintang, Imbi, 55100 Kuala Lumpur, Federal Territory of Kuala Lumpur",The interior design and décor are absolutely stunning,positive,False
40,Agoda,"Jalan PJS 11/28b, Bandar Sunway, Kuala Lumpur, Malaysia, 46150","Visited twice since 3 years ago, and they have improved alot in design and cleanliness! Not disappointing at all! Will definitely return when we visit Sunway Lagoon again. #moneyworthy",positive,False
82,Agoda,"No 5, Lorong Walter Granier, Bukit Bintang, Kuala Lumpur, Malaysia, 55100","Great stay with the professional services offered from the concierge, check in team and security! Location is fantastic and within walking distance to main malls and eateries",positive,False
162,Agoda,"Taman Putra Perdana, Jalan Putra Perdana, Presint 1, 62000 Putrajaya, Malaysia",Staff members were present throughout the stay.,neutral,False
57,TripAdvisor,"KLoé Hotel, 227, Jln Bukit Bintang, Imbi, 55100 Kuala Lumpur, Federal Territory of Kuala Lumpur",The staff were kind and professional,positive,False
311,Agoda,"Jalan Putra, Chowkit / Putra WTC, Kuala Lumpur, Malaysia, 50350",Not a 5star..Horrible stuff.dirty place.i will not go back.,negative,False
33,Agoda,"Jalan PJS 11/28b, Bandar Sunway, Kuala Lumpur, Malaysia, 46150",I asked for a lower level room because of my health problem & they did gave me a new room ! Thank you,positive,False
17,Agoda,"Jalan PJS 11/28b, Bandar Sunway, Kuala Lumpur, Malaysia, 46150","Our stay was fantastic. The location was superb,providing easy access to nearby attractions.the cleanliness of the property was top notch,and the staff were incredibly friendly and accommodating.the facilities were outstanding, offering everything we needed for a comfortable stay.",positive,False
283,Agoda,"Persiaran Bandar Utama, One Utama / Damansara, Kuala Lumpur, Malaysia, 47800",Bad experience. Blanket is dirty n request to change a new one. In the end just send 2 set of single quilt to settle.,negative,False
288,Agoda,"Persiaran Bandar Utama, One Utama / Damansara, Kuala Lumpur, Malaysia, 47800","verry pleasant stay indeed rroms wer fantastic and the service was great. except: zeta bar, one of the staff members was very rude indeed and really did make us wish we never spent any money in there at all.....",negative,False
37,Agoda,"Jalan PJS 11/28b, Bandar Sunway, Kuala Lumpur, Malaysia, 46150","Love how close it is to the mall. I requested for lower floor room and they provide it. Since this is my second stay, I can tell you that the rooms on the higher floor are better. I will come again.",positive,False
335,Agoda,"No 2 Jalan PJS 11/28 Sunway Metro, Bandar Sunway, Subang Jaya, Petaling Jaya, Bandar Sunway, Kuala Lumpur, Malaysia, 46150","First when we arrived , credit card machine not working i could understand the situation if we been told politely, however the staff seems so busy watching moving replying us very rudely “Cash only” with unpleasant tone. Then we get room level 3 - With dirty sheet, floor not in good condition, toilet dirty! Not to mention u can hear the order room people talking . Not recommended at all",negative,False
102,Agoda,"No 5, Lorong Walter Granier, Bukit Bintang, Kuala Lumpur, Malaysia, 55100","The best hotel with affordable price but 5star service & facilities. Walking distance 5 minutes to pavilion, 5 minutes to TRX Exchange.",positive,False
337,Agoda,"No 2 Jalan PJS 11/28 Sunway Metro, Bandar Sunway, Subang Jaya, Petaling Jaya, Bandar Sunway, Kuala Lumpur, Malaysia, 46150","The room smells a lot of cigarettes, the sheets are dirty, the toilet drainage system is poor, and it floods at once",negative,False
126,Agoda,"Jalan PJS 11/28b, Bandar Sunway, Kuala Lumpur, Malaysia, 46150","???? * location, just opposite of subway hotel , next to ABC mamak restaurant and KFC * parking, a lot of paid parking but always full. * price, acceptable price Rm60.50 booked with Agoda * staff, very friendly and she allowed us check in early. * room , was small but no Complaints with that price, aircond and TV function well. ???? * paint on wall wanna peel off, need to touch up * shower head damaged, need to replace new. * bed , mattress sags in the middle",neutral,True
301,Agoda,"Jalan Putra, Chowkit / Putra WTC, Kuala Lumpur, Malaysia, 50350",Wait for room from 4pm until 9.30pm but still cant check in due to room nit ready...very worst hotel ever in kl..many people stuck at lobby waiting for room..i also didnt stay there n check in to another hotel due to my kids is crying n crying n crying...worst experience,negative,False
210,Agoda,"No 5, Lorong Walter Granier, Bukit Bintang, Kuala Lumpur, Malaysia, 55100","The room is clean and comfortable. The view at the top is amazing! The location is good, many food restaurants and massage place nearby. Also close to the nightmarket and the mall. However, the traffic is busy around. So it takes more time on traveling.",neutral,False
254,Agoda,"D-G-08, Plaza Damas 3, No. 63, Jalan Sri Hartamas 1, Taman Sri Hartamas, 50480, Kuala Lumpur., Sri Hartamas / Mont Kiara, Kuala Lumpur, Malaysia, 50480",Staff sgt teruk!!! Parking kena bayar!!!! Not reccomended to anyone!!,negative,False
340,Agoda,"No 2 Jalan PJS 11/28 Sunway Metro, Bandar Sunway, Subang Jaya, Petaling Jaya, Bandar Sunway, Kuala Lumpur, Malaysia, 46150","Hotel reception is on the first flour, and there is no elevator. I had to carry my heavy luggages and climb a good 15ft. Felt like climbing mount everest. After checking in they gave me a room in the second flour, and I had to do the climbing again carrying heavy luggages. I am 65 years old and I was worried thinking that I might suffer a heart attack. Hotel was not one bit concerned about my health and safety, and didn't offer any assistance to carry my luggage. The room was like a toilet and the toilet was like a toilet inside a toilet. Stay away from this hotel.",negative,False
287,Agoda,"Persiaran Bandar Utama, One Utama / Damansara, Kuala Lumpur, Malaysia, 47800","the bed sheet and cover for both bed has stain , hairs and the floor is not properly vaccum",negative,False
296,Agoda,"Jalan Putra, Chowkit / Putra WTC, Kuala Lumpur, Malaysia, 50350","Very dirty, bad smelling, old hotel. Far from city center. Rude staff",negative,False
35,Agoda,"Jalan PJS 11/28b, Bandar Sunway, Kuala Lumpur, Malaysia, 46150","I would not hesitate to recommend this hotel to travelers. The room was very clean, housekeeping will clean it everyday as requested. Deluxe queen room size is a bit small but everything was excellent in that tiny room. Convenient location. The staff was friendly and helpful too. I will stay here again in my next trip.",positive,False
50,TripAdvisor,"KLoé Hotel, 227, Jln Bukit Bintang, Imbi, 55100 Kuala Lumpur, Federal Territory of Kuala Lumpur",Totally worth the price! Clean and spacious room. And staff was friendly.,positive,False
155,Agoda,"157 Jalan Ampang, Kuala Lumpur City Centre, Kuala Lumpur, Malaysia, 50450",Carpetless hotel room. Reception not on Ground Floor.,neutral,False
138,Agoda,"140 Jalan Ampang, Kuala Lumpur City Centre, Kuala Lumpur, Malaysia, 50450",Just OK,neutral,True
333,Agoda,"No 2 Jalan PJS 11/28 Sunway Metro, Bandar Sunway, Subang Jaya, Petaling Jaya, Bandar Sunway, Kuala Lumpur, Malaysia, 46150","Room not really clean , when I check out time no body at counter, staff was rest at other room, end up I have to call the phone ring only the staff come out to process check out.",negative,False
205,Agoda,"No 5, Lorong Walter Granier, Bukit Bintang, Kuala Lumpur, Malaysia, 55100","the room clean, service ok, but the room is a bit narrow.",neutral,False
160,Agoda,"1020, Jln Sultan Ismail, Kuala Lumpur City Centre, Kuala Lumpur, Malaysia, 50299",Ok to stay,neutral,False
73,TripAdvisor,"KLoé Hotel, 227, Jln Bukit Bintang, Imbi, 55100 Kuala Lumpur, Federal Territory of Kuala Lumpur","walkable to TRX and Pavillion malls, close to a lot of great food stalls, easy to catch a grab to other parts of the city.",positive,False
69,TripAdvisor,"KLoé Hotel, 227, Jln Bukit Bintang, Imbi, 55100 Kuala Lumpur, Federal Territory of Kuala Lumpur",Great ambiance and awesome bed.,positive,False
227,Agoda,"D-G-08, Plaza Damas 3, No. 63, Jalan Sri Hartamas 1, Taman Sri Hartamas, 50480, Kuala Lumpur., Sri Hartamas / Mont Kiara, Kuala Lumpur, Malaysia, 50480",Staff is not helpful and we request for another half an hour late check out but replied with very rude respond. The amenities is not complete as a 4 or 5 star hotel should be. No toothbrush and shaver is provided. Slipper is not refil ofter a night stay. Overal the hotel is not up to the standard.,neutral,False
252,Agoda,"D-G-08, Plaza Damas 3, No. 63, Jalan Sri Hartamas 1, Taman Sri Hartamas, 50480, Kuala Lumpur., Sri Hartamas / Mont Kiara, Kuala Lumpur, Malaysia, 50480",Small room. Old hotel. Breakfast not so much varietys,negative,False
46,TripAdvisor,"KLoé Hotel, 227, Jln Bukit Bintang, Imbi, 55100 Kuala Lumpur, Federal Territory of Kuala Lumpur",The vibe of the hotel is incredibly cool and welcoming,positive,False
318,Agoda,"Jalan Putra, Chowkit / Putra WTC, Kuala Lumpur, Malaysia, 50350",Very poor and mismanaged breakfast. No seats/ plates poor menu,negative,False
154,Agoda,"156 Jalan Ampang, Kuala Lumpur City Centre, Kuala Lumpur, Malaysia, 50450","Location is great if u like to visit the twin towers n a lot of shopping malls around. Soap, shampoo n toothpaste hv unpleasant smell. Room was noisy cos it is near the roads. Overall a good stay if u want a budget hotel",neutral,False
271,Agoda,"D-G-08, Plaza Damas 3, No. 63, Jalan Sri Hartamas 1, Taman Sri Hartamas, 50480, Kuala Lumpur., Sri Hartamas / Mont Kiara, Kuala Lumpur, Malaysia, 50480","Broken switches, broken sockets, paper thin walls, noisy staff talking loudly every single day, we had a corner room but we could still hear everything almost as if they were in our room, everything was dated, and the location was mediocre. Will not return",negative,False
238,Agoda,"D-G-08, Plaza Damas 3, No. 63, Jalan Sri Hartamas 1, Taman Sri Hartamas, 50480, Kuala Lumpur., Sri Hartamas / Mont Kiara, Kuala Lumpur, Malaysia, 50480",The best accomodations!!!,neutral,False
307,Agoda,"Jalan Putra, Chowkit / Putra WTC, Kuala Lumpur, Malaysia, 50350",*2 hours to check-in. *Impoliteness and helplessness receptionist. *Limited car park. Never come back to this hotel again!,negative,False
241,Agoda,"D-G-08, Plaza Damas 3, No. 63, Jalan Sri Hartamas 1, Taman Sri Hartamas, 50480, Kuala Lumpur., Sri Hartamas / Mont Kiara, Kuala Lumpur, Malaysia, 50480","Hotel rooms are not as shown in pictures, rooms doesn’t have any window , no view available, rooms are very small, breakfast is also have very limited item and very less option for vegetarians. Bathrooms doesn’t have hand soap, we can spend little more and can get better hotel. Not recommended at all.",negative,False
244,Agoda,"D-G-08, Plaza Damas 3, No. 63, Jalan Sri Hartamas 1, Taman Sri Hartamas, 50480, Kuala Lumpur., Sri Hartamas / Mont Kiara, Kuala Lumpur, Malaysia, 50480",The room is super dirty like nobody did cleaning. Dont try,negative,False
218,Agoda,"No 5, Lorong Walter Granier, Bukit Bintang, Kuala Lumpur, Malaysia, 55100","Located in the core area of Bukit Bintang, it is not far to walk to famous spots like Restoran Yut Kee, Haji Samuri, and Jalan Alor. The facilities are quite new, the check-in is done by taking a number and queueing, and the efficiency of the elevators is decent. The rooms are also modernly decorated and the view is great. The only dissatisfaction is that I lost some electronic products (which I left on the table before going out, and they were missing when I returned). Since there are no cameras inside, I didn’t want to make it too troublesome, but guests need to take care of their valuables during their stay.",neutral,False
139,Agoda,"141 Jalan Ampang, Kuala Lumpur City Centre, Kuala Lumpur, Malaysia, 50450",Pretty much o.k to stay with for a short 2 nights but wouldn't stay for any much longer period of time.,neutral,False
199,Agoda,"No 5, Lorong Walter Granier, Bukit Bintang, Kuala Lumpur, Malaysia, 55100",Good and clean room..just the check in queue wait too long…,neutral,False
2,Agoda,"Jalan PJS 11/28b, Bandar Sunway, Kuala Lumpur, Malaysia, 46150",Good Location. Friendly staff and clean bedroom.,positive,False
49,TripAdvisor,"KLoé Hotel, 227, Jln Bukit Bintang, Imbi, 55100 Kuala Lumpur, Federal Territory of Kuala Lumpur","A well-managed resort with outstanding hospitality and attention to detail. The room was comfortable, the facilities were excellent, and the staff consistently provided warm and efficient service. A great choice for anyone looking for a high-quality resort experience.",positive,False
316,Agoda,"Jalan Putra, Chowkit / Putra WTC, Kuala Lumpur, Malaysia, 50350",The room is terrible. Curtain got holes.inroom phone totally no line..not functioning at all.pillow is not comfortable .No bed head.The towel is not acceptable and not up to standard as Sri Pacific is one of establish hotel.Piping problem make very loud noise when someone taking shower.Very uncomfotable and disappointed and 100% not recommended .,negative,False
184,Agoda,"Taman Putra Perdana, Jalan Putra Perdana, Presint 1, 62000 Putrajaya, Malaysia",The room had a city view.,neutral,False
168,Agoda,"Taman Putra Perdana, Jalan Putra Perdana, Presint 1, 62000 Putrajaya, Malaysia",Breakfast service was available during the stay.,neutral,False
343,Agoda,"No 2 Jalan PJS 11/28 Sunway Metro, Bandar Sunway, Subang Jaya, Petaling Jaya, Bandar Sunway, Kuala Lumpur, Malaysia, 46150","Smallest room is like a prison cell. Dusty, filled w hairs. Poor design. Suffocating interior. Toilet smells. Shower next to toilet bowl. Water pipe leaking. Better spend your hard earned money in a bigger room. Dont be fooled by the deco outside.",negative,False
66,TripAdvisor,"KLoé Hotel, 227, Jln Bukit Bintang, Imbi, 55100 Kuala Lumpur, Federal Territory of Kuala Lumpur","The customer service was truly outstanding,",positive,False
124,Agoda,"Jalan PJS 11/28b, Bandar Sunway, Kuala Lumpur, Malaysia, 46150",Location is good. Room cleanliness is pretty decent but much can be done to improve the quality and cleanliness of the Bed linen and towels.,neutral,False
118,Agoda,"No 5, Lorong Walter Granier, Bukit Bintang, Kuala Lumpur, Malaysia, 55100",The room and sky pool view were excellent but except the pillow is too hard..Overall I will give it a 8.5/10,positive,False
88,Agoda,"No 5, Lorong Walter Granier, Bukit Bintang, Kuala Lumpur, Malaysia, 55100",Clean room Good location,positive,False
265,Agoda,"D-G-08, Plaza Damas 3, No. 63, Jalan Sri Hartamas 1, Taman Sri Hartamas, 50480, Kuala Lumpur., Sri Hartamas / Mont Kiara, Kuala Lumpur, Malaysia, 50480",Very2 bad hotel.. Only 2 lif for 5 star hotel and to small... To for parking from hotel.. . First and last to going there... 1 star…,negative,False
315,Agoda,"Jalan Putra, Chowkit / Putra WTC, Kuala Lumpur, Malaysia, 50350","Old hotel, smell old furniture, dusty",negative,False
3,Agoda,"Jalan PJS 11/28b, Bandar Sunway, Kuala Lumpur, Malaysia, 46150",Just opposite of Sunway. Very good location. Convenient for travellers.,positive,False
